analysis_version,source_model_version,reference_seed,comparison_scope,sport_family,horizon_seconds,metric,unit,internal_source,internal_mode,internal_estimate,internal_ci_low,internal_ci_high,external_source,external_mode,external_estimate,external_ci_low,external_ci_high,external_minus_internal,difference_ci_low,difference_ci_high,internal_users,external_users,internal_sessions,external_sessions,internal_origins,external_origins,bootstrap_replicates,bootstrap_unit,aggregation,post_cqr,causal_source_or_device_effect_claimed,user_level_conformal_guarantee_claimed
0.24.0,0.11.0,20260722,shared_family_natural_mix,all_three_supported_families,60,picp_90,proportion,Endomondo,unseen_user_zero_history,0.8900542074569784,0.8819877948896852,0.8978384359882221,GoldenCheetah,forced_zero_history,0.8774688081527142,0.8715614657290655,0.8833538465202065,-0.012585399304264167,-0.022385950039437823,-0.002774922812043863,104,144,14762,31851,99921,531725,10000,user independently within each source,"origin-within-session, session-within-user, equal-user family mean, then stated family weighting",True,False,False
0.24.0,0.11.0,20260722,shared_family_natural_mix,all_three_supported_families,60,mean_90_interval_width_bpm,bpm,Endomondo,unseen_user_zero_history,23.458722249020205,21.969086007907947,24.990853972309033,GoldenCheetah,forced_zero_history,29.490889213678454,28.594784747636854,30.378052452132565,6.0321669646582485,4.248369812986069,7.7506124773281355,104,144,14762,31851,99921,531725,10000,user independently within each source,"origin-within-session, session-within-user, equal-user family mean, then stated family weighting",True,False,False
0.24.0,0.11.0,20260722,shared_family_natural_mix,all_three_supported_families,60,weighted_interval_score,bpm,Endomondo,unseen_user_zero_history,3.4644898902436903,3.211425200025719,3.7340317256810294,GoldenCheetah,forced_zero_history,4.47946114121872,4.302326405604545,4.660204391492118,1.0149712509750297,0.6943674673773031,1.3259417071233737,104,144,14762,31851,99921,531725,10000,user independently within each source,"origin-within-session, session-within-user, equal-user family mean, then stated family weighting",True,False,False
0.24.0,0.11.0,20260722,sport_matched,outdoor_cycling,60,picp_90,proportion,Endomondo,unseen_user_zero_history,0.8977007136869657,0.8806708273745265,0.9127340900421754,GoldenCheetah,forced_zero_history,0.8829991639950557,0.8766579376713264,0.8891960459537696,-0.014701549691909954,-0.03117397567756033,0.0031611135597994383,77,143,6097,25757,37856,470820,10000,user independently within each source,"origin-within-session, session-within-user, equal-user family mean, then stated family weighting",True,False,False
0.24.0,0.11.0,20260722,sport_matched,outdoor_cycling,60,mean_90_interval_width_bpm,bpm,Endomondo,unseen_user_zero_history,32.17014062420966,30.837161316414882,33.50913681962917,GoldenCheetah,forced_zero_history,30.862868237534897,30.05287661749098,31.67968712965751,-1.3072723866747609,-2.8857719093436085,0.27568729270243164,77,143,6097,25757,37856,470820,10000,user independently within each source,"origin-within-session, session-within-user, equal-user family mean, then stated family weighting",True,False,False
0.24.0,0.11.0,20260722,sport_matched,outdoor_cycling,60,weighted_interval_score,bpm,Endomondo,unseen_user_zero_history,4.544935765488439,4.258059821605933,4.84108490109237,GoldenCheetah,forced_zero_history,4.6092214537700835,4.433256404265416,4.786222813020068,0.06428568828164494,-0.28375520559778145,0.39864990157801716,77,143,6097,25757,37856,470820,10000,user independently within each source,"origin-within-session, session-within-user, equal-user family mean, then stated family weighting",True,False,False
0.24.0,0.11.0,20260722,sport_matched,indoor_virtual_cycling,60,picp_90,proportion,Endomondo,unseen_user_zero_history,0.8792512335232529,0.816180256743274,0.9367430275659814,GoldenCheetah,forced_zero_history,0.8103043764715161,0.7721599825312986,0.8452409700483016,-0.06894685705173675,-0.13837279628569235,0.004319487249394325,18,41,234,2275,1523,26235,10000,user independently within each source,"origin-within-session, session-within-user, equal-user family mean, then stated family weighting",True,False,False
0.24.0,0.11.0,20260722,sport_matched,indoor_virtual_cycling,60,mean_90_interval_width_bpm,bpm,Endomondo,unseen_user_zero_history,23.96153428686127,19.366472116863292,29.09198426845442,GoldenCheetah,forced_zero_history,20.30626553326865,19.326107237552055,21.287821080304077,-3.655268753592619,-8.83470565240715,1.0557068017573588,18,41,234,2275,1523,26235,10000,user independently within each source,"origin-within-session, session-within-user, equal-user family mean, then stated family weighting",True,False,False
0.24.0,0.11.0,20260722,sport_matched,indoor_virtual_cycling,60,weighted_interval_score,bpm,Endomondo,unseen_user_zero_history,3.562512549715172,2.7018465875221596,4.657790146167315,GoldenCheetah,forced_zero_history,4.108493542194078,3.490780885665714,4.886074879065376,0.5459809924789063,-0.7169498826331875,1.697786347572821,18,41,234,2275,1523,26235,10000,user independently within each source,"origin-within-session, session-within-user, equal-user family mean, then stated family weighting",True,False,False
0.24.0,0.11.0,20260722,sport_matched,running,60,picp_90,proportion,Endomondo,unseen_user_zero_history,0.8884219864216644,0.8761837922195121,0.8998741861199259,GoldenCheetah,forced_zero_history,0.8563799831850792,0.8079762147669781,0.8905248113216064,-0.032042003236585126,-0.08114557643383107,0.004830459525018934,88,50,8431,3819,60542,34670,10000,user independently within each source,"origin-within-session, session-within-user, equal-user family mean, then stated family weighting",True,False,False
0.24.0,0.11.0,20260722,sport_matched,running,60,mean_90_interval_width_bpm,bpm,Endomondo,unseen_user_zero_history,18.60096945246299,17.270064243302926,20.05099980492794,GoldenCheetah,forced_zero_history,21.09958894277111,19.55716342003073,22.88669631566637,2.498619490308119,0.3410859012056364,4.7194749127431574,88,50,8431,3819,60542,34670,10000,user independently within each source,"origin-within-session, session-within-user, equal-user family mean, then stated family weighting",True,False,False
0.24.0,0.11.0,20260722,sport_matched,running,60,weighted_interval_score,bpm,Endomondo,unseen_user_zero_history,2.839615726300707,2.5979487775411565,3.100960137697864,GoldenCheetah,forced_zero_history,3.6648571955606424,3.1751484342181655,4.245638945233635,0.8252414692599355,0.26874435477142417,1.4529805237074642,88,50,8431,3819,60542,34670,10000,user independently within each source,"origin-within-session, session-within-user, equal-user family mean, then stated family weighting",True,False,False
0.24.0,0.11.0,20260722,equal_family_standardized,macro_average_three_families,60,picp_90,proportion,Endomondo,unseen_user_zero_history,0.8884579778772944,0.8658547834173383,0.9090040952851332,GoldenCheetah,forced_zero_history,0.8498945078838837,0.827076226012634,0.8692457945075602,-0.03856346999341076,-0.06963131637004684,-0.00862019769008805,104,144,14762,31851,99921,531725,10000,user independently within each source,"origin-within-session, session-within-user, equal-user family mean, then stated family weighting",True,False,False
0.24.0,0.11.0,20260722,equal_family_standardized,macro_average_three_families,60,mean_90_interval_width_bpm,bpm,Endomondo,unseen_user_zero_history,24.91088145451131,23.072942253856382,26.916819231665254,GoldenCheetah,forced_zero_history,24.08957423785822,23.37735512657182,24.84283731528383,-0.8213072166530893,-2.9674162467577743,1.1468726781016287,104,144,14762,31851,99921,531725,10000,user independently within each source,"origin-within-session, session-within-user, equal-user family mean, then stated family weighting",True,False,False
0.24.0,0.11.0,20260722,equal_family_standardized,macro_average_three_families,60,weighted_interval_score,bpm,Endomondo,unseen_user_zero_history,3.6490213471681057,3.312046150966931,4.062085295646698,GoldenCheetah,forced_zero_history,4.1275240638416015,3.7933097526271653,4.53853169162662,0.47850271667349586,-0.04324531279700344,1.0090451365482742,104,144,14762,31851,99921,531725,10000,user independently within each source,"origin-within-session, session-within-user, equal-user family mean, then stated family weighting",True,False,False
0.24.0,0.11.0,20260722,endomondo_session_mix_standardized,three_families_weighted_to_endomondo_sessions,60,picp_90,proportion,Endomondo,unseen_user_zero_history,0.892108915290267,0.88138341695954,0.9021218540586017,GoldenCheetah,forced_zero_history,0.8666438670373657,0.8381233331761512,0.8870760468725297,-0.0254650482529013,-0.0553639968191755,-0.0019218736518836804,104,144,14762,31851,99921,531725,10000,user independently within each source,"origin-within-session, session-within-user, equal-user family mean, then stated family weighting",True,False,False
0.24.0,0.11.0,20260722,endomondo_session_mix_standardized,three_families_weighted_to_endomondo_sessions,60,mean_90_interval_width_bpm,bpm,Endomondo,unseen_user_zero_history,24.29028044049907,23.28659027154798,25.331944571946195,GoldenCheetah,forced_zero_history,25.119442362521227,24.130442731813787,26.226713629955505,0.8291619220221556,-0.6011529128528343,2.3279565005123306,104,144,14762,31851,99921,531725,10000,user independently within each source,"origin-within-session, session-within-user, equal-user family mean, then stated family weighting",True,False,False
0.24.0,0.11.0,20260722,endomondo_session_mix_standardized,three_families_weighted_to_endomondo_sessions,60,weighted_interval_score,bpm,Endomondo,unseen_user_zero_history,3.5554058723247266,3.359086882703099,3.761763481113467,GoldenCheetah,forced_zero_history,4.0619307484271365,3.7526008247209726,4.420976363435633,0.5065248761024099,0.13076590966971954,0.9147076537768217,104,144,14762,31851,99921,531725,10000,user independently within each source,"origin-within-session, session-within-user, equal-user family mean, then stated family weighting",True,False,False
0.24.0,0.11.0,20260722,goldencheetah_session_mix_standardized,three_families_weighted_to_goldencheetah_sessions,60,picp_90,proportion,Endomondo,unseen_user_zero_history,0.8952703966859725,0.8803566828312284,0.9087774145926053,GoldenCheetah,forced_zero_history,0.8746151480103346,0.8653016897445132,0.8829205465506925,-0.02065524867563795,-0.03671473711496095,-0.00388806614846972,104,144,14762,31851,99921,531725,10000,user independently within each source,"origin-within-session, session-within-user, equal-user family mean, then stated family weighting",True,False,False
0.24.0,0.11.0,20260722,goldencheetah_session_mix_standardized,three_families_weighted_to_goldencheetah_sessions,60,mean_90_interval_width_bpm,bpm,Endomondo,unseen_user_zero_history,29.95685865119882,28.751051250491436,31.21139287311688,GoldenCheetah,forced_zero_history,28.938211718778543,28.22098637900354,29.665867886164975,-1.0186469324202783,-2.4595801662879295,0.3883358054697097,104,144,14762,31851,99921,531725,10000,user independently within each source,"origin-within-session, session-within-user, equal-user family mean, then stated family weighting",True,False,False
0.24.0,0.11.0,20260722,goldencheetah_session_mix_standardized,three_families_weighted_to_goldencheetah_sessions,60,weighted_interval_score,bpm,Endomondo,unseen_user_zero_history,4.270293523626577,4.01537137809977,4.537916257768068,GoldenCheetah,forced_zero_history,4.460225092558905,4.274055732356184,4.657936579204807,0.18993156893232754,-0.13221827823735716,0.5090926560466942,104,144,14762,31851,99921,531725,10000,user independently within each source,"origin-within-session, session-within-user, equal-user family mean, then stated family weighting",True,False,False
0.24.0,0.11.0,20260722,shared_family_natural_mix,all_three_supported_families,180,picp_90,proportion,Endomondo,unseen_user_zero_history,0.8886521340124443,0.8803890855450398,0.8967352416694084,GoldenCheetah,forced_zero_history,0.8585680515853201,0.8508427045747174,0.8662630070200668,-0.030084082427124126,-0.041344952529720556,-0.018723926172553477,104,144,14762,31851,99921,531725,10000,user independently within each source,"origin-within-session, session-within-user, equal-user family mean, then stated family weighting",True,False,False
0.24.0,0.11.0,20260722,shared_family_natural_mix,all_three_supported_families,180,mean_90_interval_width_bpm,bpm,Endomondo,unseen_user_zero_history,29.496399174760548,27.83637309697489,31.213510697056122,GoldenCheetah,forced_zero_history,37.49762200495755,36.559489603217045,38.40207560812883,8.001222830197001,6.082867684327748,9.874665536327335,104,144,14762,31851,99921,531725,10000,user independently within each source,"origin-within-session, session-within-user, equal-user family mean, then stated family weighting",True,False,False
0.24.0,0.11.0,20260722,shared_family_natural_mix,all_three_supported_families,180,weighted_interval_score,bpm,Endomondo,unseen_user_zero_history,4.416135275674868,4.116424901836441,4.722656614889023,GoldenCheetah,forced_zero_history,6.097033510647041,5.8628608494487375,6.337331242161118,1.6808982349721724,1.2982924554580306,2.0583391764394925,104,144,14762,31851,99921,531725,10000,user independently within each source,"origin-within-session, session-within-user, equal-user family mean, then stated family weighting",True,False,False
0.24.0,0.11.0,20260722,sport_matched,outdoor_cycling,180,picp_90,proportion,Endomondo,unseen_user_zero_history,0.900738370877579,0.8864371896689159,0.9145284233541735,GoldenCheetah,forced_zero_history,0.8621758881703774,0.8540550581309384,0.8702901676002397,-0.03856248270720164,-0.05445119629847693,-0.022139856892027448,77,143,6097,25757,37856,470820,10000,user independently within each source,"origin-within-session, session-within-user, equal-user family mean, then stated family weighting",True,False,False
0.24.0,0.11.0,20260722,sport_matched,outdoor_cycling,180,mean_90_interval_width_bpm,bpm,Endomondo,unseen_user_zero_history,39.19345619067824,37.85351328834309,40.55369786546164,GoldenCheetah,forced_zero_history,39.09171597273384,38.2970131070051,39.875255033888116,-0.10174021794440335,-1.6776416552369986,1.4507648578745083,77,143,6097,25757,37856,470820,10000,user independently within each source,"origin-within-session, session-within-user, equal-user family mean, then stated family weighting",True,False,False
0.24.0,0.11.0,20260722,sport_matched,outdoor_cycling,180,weighted_interval_score,bpm,Endomondo,unseen_user_zero_history,5.533357105597067,5.1490521437837105,5.967545425135943,GoldenCheetah,forced_zero_history,6.268564304883711,6.037186692845126,6.503936410030785,0.735207199286644,0.2548524554812658,1.1805243159857826,77,143,6097,25757,37856,470820,10000,user independently within each source,"origin-within-session, session-within-user, equal-user family mean, then stated family weighting",True,False,False
0.24.0,0.11.0,20260722,sport_matched,indoor_virtual_cycling,180,picp_90,proportion,Endomondo,unseen_user_zero_history,0.8519217508178214,0.7269062953612884,0.9323276635789978,GoldenCheetah,forced_zero_history,0.7962629719076316,0.7603667393997909,0.8307774542601608,-0.05565877891018978,-0.1477813949377306,0.07339686103165978,18,41,234,2275,1523,26235,10000,user independently within each source,"origin-within-session, session-within-user, equal-user family mean, then stated family weighting",True,False,False
0.24.0,0.11.0,20260722,sport_matched,indoor_virtual_cycling,180,mean_90_interval_width_bpm,bpm,Endomondo,unseen_user_zero_history,32.44935707590704,27.585502766422618,37.729332838862504,GoldenCheetah,forced_zero_history,28.591766651683244,27.49252366866595,29.713280323890988,-3.857590424223794,-9.266516821041519,1.0808222360525213,18,41,234,2275,1523,26235,10000,user independently within each source,"origin-within-session, session-within-user, equal-user family mean, then stated family weighting",True,False,False
0.24.0,0.11.0,20260722,sport_matched,indoor_virtual_cycling,180,weighted_interval_score,bpm,Endomondo,unseen_user_zero_history,5.025183756348269,3.9847025935926017,6.145234278793229,GoldenCheetah,forced_zero_history,6.07065758986139,5.249976262723508,6.987406885526137,1.045473833513121,-0.350032752138119,2.4626218951649053,18,41,234,2275,1523,26235,10000,user independently within each source,"origin-within-session, session-within-user, equal-user family mean, then stated family weighting",True,False,False
0.24.0,0.11.0,20260722,sport_matched,running,180,picp_90,proportion,Endomondo,unseen_user_zero_history,0.8897422890093011,0.8787513328509743,0.9005605528059298,GoldenCheetah,forced_zero_history,0.8597251915989566,0.8272452757301386,0.8865458224543181,-0.03001709741034453,-0.06417783428072577,-0.00043294817491807357,88,50,8431,3819,60542,34670,10000,user independently within each source,"origin-within-session, session-within-user, equal-user family mean, then stated family weighting",True,False,False
0.24.0,0.11.0,20260722,sport_matched,running,180,mean_90_interval_width_bpm,bpm,Endomondo,unseen_user_zero_history,24.094588540782244,22.54465940062527,25.799138346719,GoldenCheetah,forced_zero_history,27.750003328541034,25.973012768695696,29.805412099630903,3.65541478775879,1.1727556727534365,6.212394953860183,88,50,8431,3819,60542,34670,10000,user independently within each source,"origin-within-session, session-within-user, equal-user family mean, then stated family weighting",True,False,False
0.24.0,0.11.0,20260722,sport_matched,running,180,weighted_interval_score,bpm,Endomondo,unseen_user_zero_history,3.6985698819522765,3.4160164921081786,4.002174938514586,GoldenCheetah,forced_zero_history,4.869501433672368,4.25174399121721,5.586212311073999,1.1709315517200913,0.47616485929458036,1.942156643402945,88,50,8431,3819,60542,34670,10000,user independently within each source,"origin-within-session, session-within-user, equal-user family mean, then stated family weighting",True,False,False
0.24.0,0.11.0,20260722,equal_family_standardized,macro_average_three_families,180,picp_90,proportion,Endomondo,unseen_user_zero_history,0.8808008035682339,0.8389692152986732,0.9090756475152745,GoldenCheetah,forced_zero_history,0.8393880172256551,0.8218391044022201,0.8555203354898225,-0.04141278634257872,-0.0758745197239459,0.00345503316607864,104,144,14762,31851,99921,531725,10000,user independently within each source,"origin-within-session, session-within-user, equal-user family mean, then stated family weighting",True,False,False
0.24.0,0.11.0,20260722,equal_family_standardized,macro_average_three_families,180,mean_90_interval_width_bpm,bpm,Endomondo,unseen_user_zero_history,31.912467269122505,29.981544956005568,34.01572583165706,GoldenCheetah,forced_zero_history,31.81116198431937,30.990843649974504,32.67423786030194,-0.10130528480313572,-2.371087892970911,2.035022713636031,104,144,14762,31851,99921,531725,10000,user independently within each source,"origin-within-session, session-within-user, equal-user family mean, then stated family weighting",True,False,False
0.24.0,0.11.0,20260722,equal_family_standardized,macro_average_three_families,180,weighted_interval_score,bpm,Endomondo,unseen_user_zero_history,4.752370247965871,4.337952547791083,5.196504746347589,GoldenCheetah,forced_zero_history,5.73624110947249,5.329384139807301,6.182908646638169,0.9838708615066194,0.38186794697231186,1.600745897479576,104,144,14762,31851,99921,531725,10000,user independently within each source,"origin-within-session, session-within-user, equal-user family mean, then stated family weighting",True,False,False
0.24.0,0.11.0,20260722,endomondo_session_mix_standardized,three_families_weighted_to_endomondo_sessions,180,picp_90,proportion,Endomondo,unseen_user_zero_history,0.8936843771554929,0.884866255423343,0.9022834039055053,GoldenCheetah,forced_zero_history,0.8597314060406435,0.8402796781330177,0.8759700633223951,-0.033952971114849406,-0.055017511258496805,-0.015146355867191777,104,144,14762,31851,99921,531725,10000,user independently within each source,"origin-within-session, session-within-user, equal-user family mean, then stated family weighting",True,False,False
0.24.0,0.11.0,20260722,endomondo_session_mix_standardized,three_families_weighted_to_endomondo_sessions,180,mean_90_interval_width_bpm,bpm,Endomondo,unseen_user_zero_history,30.463157291536554,29.36015023342039,31.615962079043115,GoldenCheetah,forced_zero_history,32.44769975241712,31.337979978966573,33.70952893265941,1.9845424608805686,0.3894226333423672,3.654503398796119,104,144,14762,31851,99921,531725,10000,user independently within each source,"origin-within-session, session-within-user, equal-user family mean, then stated family weighting",True,False,False
0.24.0,0.11.0,20260722,endomondo_session_mix_standardized,three_families_weighted_to_endomondo_sessions,180,weighted_interval_score,bpm,Endomondo,unseen_user_zero_history,4.477402380879992,4.228339011948492,4.739405777544802,GoldenCheetah,forced_zero_history,5.466382402804179,5.077382566307283,5.912422582962248,0.9889800219241867,0.5186774891662462,1.4947878932736165,104,144,14762,31851,99921,531725,10000,user independently within each source,"origin-within-session, session-within-user, equal-user family mean, then stated family weighting",True,False,False
0.24.0,0.11.0,20260722,goldencheetah_session_mix_standardized,three_families_weighted_to_goldencheetah_sessions,180,picp_90,proportion,Endomondo,unseen_user_zero_history,0.8959331262293448,0.881909439775759,0.9093630518386288,GoldenCheetah,forced_zero_history,0.8571741270104766,0.8485061085666195,0.865503433655513,-0.03875899921886827,-0.0547598751412124,-0.022471040091980976,104,144,14762,31851,99921,531725,10000,user independently within each source,"origin-within-session, session-within-user, equal-user family mean, then stated family weighting",True,False,False
0.24.0,0.11.0,20260722,goldencheetah_session_mix_standardized,three_families_weighted_to_goldencheetah_sessions,180,mean_90_interval_width_bpm,bpm,Endomondo,unseen_user_zero_history,36.90136485787684,35.6570045564397,38.16873228364952,GoldenCheetah,forced_zero_history,36.981848612413515,36.24293406093096,37.71745501615826,0.08048375453667234,-1.3828624284718083,1.5055017356445008,104,144,14762,31851,99921,531725,10000,user independently within each source,"origin-within-session, session-within-user, equal-user family mean, then stated family weighting",True,False,False
0.24.0,0.11.0,20260722,goldencheetah_session_mix_standardized,three_families_weighted_to_goldencheetah_sessions,180,weighted_interval_score,bpm,Endomondo,unseen_user_zero_history,5.277065410622326,4.93218726700219,5.654812068540983,GoldenCheetah,forced_zero_history,6.086678056984684,5.8518538115757615,6.329605886377381,0.8096126463623579,0.37692782411745096,1.2267782578552697,104,144,14762,31851,99921,531725,10000,user independently within each source,"origin-within-session, session-within-user, equal-user family mean, then stated family weighting",True,False,False
0.24.0,0.11.0,20260722,shared_family_natural_mix,all_three_supported_families,300,picp_90,proportion,Endomondo,unseen_user_zero_history,0.8793886651684437,0.8582193139757848,0.8947141954232363,GoldenCheetah,forced_zero_history,0.850269991530559,0.8414576428238553,0.8591537992600354,-0.029118673637884673,-0.047114679326689037,-0.00595546495244735,104,144,14762,31851,99921,531725,10000,user independently within each source,"origin-within-session, session-within-user, equal-user family mean, then stated family weighting",True,False,False
0.24.0,0.11.0,20260722,shared_family_natural_mix,all_three_supported_families,300,mean_90_interval_width_bpm,bpm,Endomondo,unseen_user_zero_history,32.175599368861896,30.49444349827916,33.92689073998992,GoldenCheetah,forced_zero_history,40.56033417552665,39.63563899883761,41.45074437658186,8.384734806664753,6.456410267627518,10.263850608654945,104,144,14762,31851,99921,531725,10000,user independently within each source,"origin-within-session, session-within-user, equal-user family mean, then stated family weighting",True,False,False
0.24.0,0.11.0,20260722,shared_family_natural_mix,all_three_supported_families,300,weighted_interval_score,bpm,Endomondo,unseen_user_zero_history,4.952133774409725,4.56057451955769,5.411433462160158,GoldenCheetah,forced_zero_history,6.7228060632690525,6.457311202663446,6.99617010202982,1.7706722888593278,1.2457457595575294,2.250721769748251,104,144,14762,31851,99921,531725,10000,user independently within each source,"origin-within-session, session-within-user, equal-user family mean, then stated family weighting",True,False,False
0.24.0,0.11.0,20260722,sport_matched,outdoor_cycling,300,picp_90,proportion,Endomondo,unseen_user_zero_history,0.884126855674216,0.8538786420476895,0.9064967241801486,GoldenCheetah,forced_zero_history,0.8523710456275423,0.8432950451824098,0.8614381375045088,-0.031755810046673716,-0.056033107601158254,-0.000591091440083169,77,143,6097,25757,37856,470820,10000,user independently within each source,"origin-within-session, session-within-user, equal-user family mean, then stated family weighting",True,False,False
0.24.0,0.11.0,20260722,sport_matched,outdoor_cycling,300,mean_90_interval_width_bpm,bpm,Endomondo,unseen_user_zero_history,42.169650818711524,40.83556169701006,43.53739197554831,GoldenCheetah,forced_zero_history,42.220119371409304,41.46031860732451,42.970814183975314,0.0504685526977795,-1.509727299217216,1.574104955362644,77,143,6097,25757,37856,470820,10000,user independently within each source,"origin-within-session, session-within-user, equal-user family mean, then stated family weighting",True,False,False
0.24.0,0.11.0,20260722,sport_matched,outdoor_cycling,300,weighted_interval_score,bpm,Endomondo,unseen_user_zero_history,6.199771649187877,5.732591544093882,6.751743181582368,GoldenCheetah,forced_zero_history,6.9088983545524885,6.649935906405347,7.171586954912991,0.7091267053646115,0.10204533923871513,1.2414076833375673,77,143,6097,25757,37856,470820,10000,user independently within each source,"origin-within-session, session-within-user, equal-user family mean, then stated family weighting",True,False,False
0.24.0,0.11.0,20260722,sport_matched,indoor_virtual_cycling,300,picp_90,proportion,Endomondo,unseen_user_zero_history,0.7824773125678407,0.6462862003529424,0.8881201964813691,GoldenCheetah,forced_zero_history,0.7664270816817271,0.7111714758168041,0.8103713094613438,-0.01605023088611357,-0.13511320837485735,0.12840772384808058,18,41,234,2275,1523,26235,10000,user independently within each source,"origin-within-session, session-within-user, equal-user family mean, then stated family weighting",True,False,False
0.24.0,0.11.0,20260722,sport_matched,indoor_virtual_cycling,300,mean_90_interval_width_bpm,bpm,Endomondo,unseen_user_zero_history,35.970290973018024,31.20326452527114,41.24823871165716,GoldenCheetah,forced_zero_history,32.003857689569664,30.882756384735014,33.156511878395534,-3.96643328344836,-9.4046138693811,0.9379348418775976,18,41,234,2275,1523,26235,10000,user independently within each source,"origin-within-session, session-within-user, equal-user family mean, then stated family weighting",True,False,False
0.24.0,0.11.0,20260722,sport_matched,indoor_virtual_cycling,300,weighted_interval_score,bpm,Endomondo,unseen_user_zero_history,6.872039658997016,5.037253870360956,9.267388710206642,GoldenCheetah,forced_zero_history,7.38604190981105,6.259308555828043,8.738861013923641,0.5140022508140341,-2.1244641057408895,2.797129543808313,18,41,234,2275,1523,26235,10000,user independently within each source,"origin-within-session, session-within-user, equal-user family mean, then stated family weighting",True,False,False
0.24.0,0.11.0,20260722,sport_matched,running,300,picp_90,proportion,Endomondo,unseen_user_zero_history,0.8902476119745486,0.8789106155026261,0.901650508327507,GoldenCheetah,forced_zero_history,0.8537137666993718,0.8199841910480912,0.8823412633531738,-0.03653384527517678,-0.07227156915253835,-0.005447251770731099,88,50,8431,3819,60542,34670,10000,user independently within each source,"origin-within-session, session-within-user, equal-user family mean, then stated family weighting",True,False,False
0.24.0,0.11.0,20260722,sport_matched,running,300,mean_90_interval_width_bpm,bpm,Endomondo,unseen_user_zero_history,26.65873438885393,25.07147356367358,28.414389847821003,GoldenCheetah,forced_zero_history,30.516436928235958,28.746477915279375,32.55012871573806,3.8577025393820286,1.3695859741262522,6.416191112669964,88,50,8431,3819,60542,34670,10000,user independently within each source,"origin-within-session, session-within-user, equal-user family mean, then stated family weighting",True,False,False
0.24.0,0.11.0,20260722,sport_matched,running,300,weighted_interval_score,bpm,Endomondo,unseen_user_zero_history,4.084043946979016,3.7816339213867893,4.40196089877827,GoldenCheetah,forced_zero_history,5.505539008701313,4.781975700777215,6.3348842827827205,1.4214950617222968,0.6230098690558534,2.3084168026643237,88,50,8431,3819,60542,34670,10000,user independently within each source,"origin-within-session, session-within-user, equal-user family mean, then stated family weighting",True,False,False
0.24.0,0.11.0,20260722,equal_family_standardized,macro_average_three_families,300,picp_90,proportion,Endomondo,unseen_user_zero_history,0.8522839267388683,0.8052062126745992,0.8897718381797349,GoldenCheetah,forced_zero_history,0.8241706313362137,0.8031816222526063,0.8431031944551186,-0.028113295402654614,-0.07213522123996818,0.022033251325064687,104,144,14762,31851,99921,531725,10000,user independently within each source,"origin-within-session, session-within-user, equal-user family mean, then stated family weighting",True,False,False
0.24.0,0.11.0,20260722,equal_family_standardized,macro_average_three_families,300,mean_90_interval_width_bpm,bpm,Endomondo,unseen_user_zero_history,34.93289206019449,33.00659411365232,37.02414923748846,GoldenCheetah,forced_zero_history,34.91347132973831,34.078823219055444,35.787827022088166,-0.019420730456182866,-2.254109609862543,2.0948654172815266,104,144,14762,31851,99921,531725,10000,user independently within each source,"origin-within-session, session-within-user, equal-user family mean, then stated family weighting",True,False,False
0.24.0,0.11.0,20260722,equal_family_standardized,macro_average_three_families,300,weighted_interval_score,bpm,Endomondo,unseen_user_zero_history,5.71861841838797,5.047089562941773,6.574058403694275,GoldenCheetah,forced_zero_history,6.600159757688284,6.071807097155832,7.19539304712819,0.8815413393003144,-0.11212370245631197,1.8001461935664738,104,144,14762,31851,99921,531725,10000,user independently within each source,"origin-within-session, session-within-user, equal-user family mean, then stated family weighting",True,False,False
0.24.0,0.11.0,20260722,endomondo_session_mix_standardized,three_families_weighted_to_endomondo_sessions,300,picp_90,proportion,Endomondo,unseen_user_zero_history,0.886011295674298,0.8713340526284323,0.8985846050372043,GoldenCheetah,forced_zero_history,0.8517755703391853,0.8315293780287848,0.8691090247030601,-0.034235725335112765,-0.05818867176250607,-0.011700186089292504,104,144,14762,31851,99921,531725,10000,user independently within each source,"origin-within-session, session-within-user, equal-user family mean, then stated family weighting",True,False,False
0.24.0,0.11.0,20260722,endomondo_session_mix_standardized,three_families_weighted_to_endomondo_sessions,300,mean_90_interval_width_bpm,bpm,Endomondo,unseen_user_zero_history,33.21265402803129,32.08430078097932,34.39690575904401,GoldenCheetah,forced_zero_history,35.37386873383005,34.25317775741212,36.62459923145222,2.1612147057987627,0.557034049267402,3.8447712945110792,104,144,14762,31851,99921,531725,10000,user independently within each source,"origin-within-session, session-within-user, equal-user family mean, then stated family weighting",True,False,False
0.24.0,0.11.0,20260722,endomondo_session_mix_standardized,three_families_weighted_to_endomondo_sessions,300,weighted_interval_score,bpm,Endomondo,unseen_user_zero_history,5.002075568505885,4.714202145808409,5.315768035707481,GoldenCheetah,forced_zero_history,6.1149631795802115,5.660182295716951,6.626031155617858,1.1128876110743269,0.5580126486640169,1.6978308345069884,104,144,14762,31851,99921,531725,10000,user independently within each source,"origin-within-session, session-within-user, equal-user family mean, then stated family weighting",True,False,False
0.24.0,0.11.0,20260722,goldencheetah_session_mix_standardized,three_families_weighted_to_goldencheetah_sessions,300,picp_90,proportion,Endomondo,unseen_user_zero_history,0.8776002931720643,0.85149340914754,0.898416786533227,GoldenCheetah,forced_zero_history,0.8463933787975082,0.8367183081678716,0.8560674987284014,-0.03120691437455614,-0.05454935616054777,-0.003131700034325338,104,144,14762,31851,99921,531725,10000,user independently within each source,"origin-within-session, session-within-user, equal-user family mean, then stated family weighting",True,False,False
0.24.0,0.11.0,20260722,goldencheetah_session_mix_standardized,three_families_weighted_to_goldencheetah_sessions,300,mean_90_interval_width_bpm,bpm,Endomondo,unseen_user_zero_history,39.86706272117679,38.6278863012514,41.12202810549779,GoldenCheetah,forced_zero_history,40.08711385897126,39.3748379533971,40.79475237758339,0.22005113779447072,-1.2305494694073507,1.6377580866470698,104,144,14762,31851,99921,531725,10000,user independently within each source,"origin-within-session, session-within-user, equal-user family mean, then stated family weighting",True,False,False
0.24.0,0.11.0,20260722,goldencheetah_session_mix_standardized,three_families_weighted_to_goldencheetah_sessions,300,weighted_interval_score,bpm,Endomondo,unseen_user_zero_history,5.994109209314094,5.564675030337582,6.497216377341104,GoldenCheetah,forced_zero_history,6.774713313153713,6.49996484011645,7.056313536969263,0.780604103839619,0.22226249804296702,1.298927125352958,104,144,14762,31851,99921,531725,10000,user independently within each source,"origin-within-session, session-within-user, equal-user family mean, then stated family weighting",True,False,False
