analysis_version,scope,seed,regime,mode,horizon_seconds,nominal_coverage,origin_pooled_adjustment_bpm,balanced_adjustment_bpm,delta_adjustment_bpm,delta_picp,delta_picp_ci_low,delta_picp_ci_high,delta_absolute_coverage_error,delta_absolute_coverage_error_ci_low,delta_absolute_coverage_error_ci_high,delta_mean_interval_width_bpm,delta_mean_interval_width_ci_low_bpm,delta_mean_interval_width_ci_high_bpm,evaluation_users,bootstrap_replicates,bootstrap_unit,calibration_thresholds_fixed,optimization_seed_variability_in_ci
0.24.0,conditional_on_seed,20260722,unseen_user_test,history_informed,60,0.5,0.0,0.0,0.0,0.0,0.0,0.0,0.0,0.0,0.0,0.0,0.0,0.0,105,10000,evaluation user,True,False
0.24.0,conditional_on_seed,20260722,unseen_user_test,history_informed,180,0.5,0.0,0.127532958984375,0.127532958984375,0.013756641485721088,0.011762162408404553,0.016013643318645146,-0.013756641485721088,-0.015836360819987984,-0.004337304489111125,0.254709594966009,0.254020931056214,0.25506473183631867,105,10000,evaluation user,True,False
0.24.0,conditional_on_seed,20260722,unseen_user_test,history_informed,300,0.5,0.0,0.0612030029296875,0.0612030029296875,0.006341569240886247,0.005043476181053695,0.007946581086384337,-0.006341569240886247,-0.007895373780908996,-0.004722039797229949,0.12221988669345407,0.12186451533421479,0.12240543663501668,105,10000,evaluation user,True,False
0.24.0,conditional_on_seed,20260722,unseen_user_test,history_informed,60,0.8,0.0,0.208984375,0.208984375,0.011983791061414006,0.010638608165284941,0.013378936609150899,-0.0003848994199957545,-0.012590760162456369,0.01223911537985963,0.41704529301441084,0.4153424830509159,0.4179449030713164,105,10000,evaluation user,True,False
0.24.0,conditional_on_seed,20260722,unseen_user_test,history_informed,180,0.8,0.0,0.377349853515625,0.377349853515625,0.016742517442166704,0.014964270220096224,0.018603173011591884,-0.010041550762400542,-0.0179441387019718,0.010115011784196142,0.7524772412192853,0.7483349838272242,0.7546632413629801,105,10000,evaluation user,True,False
0.24.0,conditional_on_seed,20260722,unseen_user_test,history_informed,300,0.8,0.0,0.17578125,0.17578125,0.0066495068305902905,0.005717129175748218,0.007683289450242574,-0.0066495068305902905,-0.007617617435044954,0.0029700480906586354,0.3503953784860947,0.34820735737253417,0.35154475724891654,105,10000,evaluation user,True,False
0.24.0,conditional_on_seed,20260722,unseen_user_test,history_informed,60,0.9,0.0390625,0.303619384765625,0.264556884765625,0.00779109063570782,0.006490291936536658,0.009188431665344212,0.0016324592077908706,-0.00825192385218958,0.008235827432543271,0.5272647583429872,0.5239720775932201,0.5290440067673939,105,10000,evaluation user,True,False
0.24.0,conditional_on_seed,20260722,unseen_user_test,history_informed,180,0.9,0.0,0.40234375,0.40234375,0.011203421441949968,0.008917419967271172,0.014033519993799636,-0.007667787301423368,-0.013616090341515142,0.005925531218852272,0.8011664952842565,0.7948434830088384,0.804582511473271,105,10000,evaluation user,True,False
0.24.0,conditional_on_seed,20260722,unseen_user_test,history_informed,300,0.9,0.0,0.44921875,0.44921875,0.008487066428031986,0.007045037409109528,0.010235781317589879,-0.008487066428031986,-0.01014475314240056,0.0007034021858974757,0.8941350829821175,0.8862363862329328,0.8983189607905933,105,10000,evaluation user,True,False
0.24.0,conditional_on_seed,20260722,unseen_user_test,zero_history,60,0.5,0.0,0.0367889404296875,0.0367889404296875,0.004736757782306145,0.0038765219223248063,0.005676752205382663,-0.004736757782306145,-0.005647199561953316,-0.0003109697691279148,0.07353079570327026,0.0734444539398531,0.07357753870033257,105,10000,evaluation user,True,False
0.24.0,conditional_on_seed,20260722,goldencheetah_frozen_external,zero_history,60,0.5,0.0,0.0367889404296875,0.0367889404296875,0.0036027711414951535,0.003248541887572691,0.003959661031191134,-0.0036027711414951535,-0.0039561277029911595,-0.003226097923081332,0.07357608751285127,0.07357355913817187,0.07357764779727831,144,10000,evaluation user,True,False
0.24.0,conditional_on_seed,20260722,unseen_user_test,zero_history,180,0.5,0.0,0.234375,0.234375,0.02338547030969118,0.02071562291683756,0.0262445399809429,-0.02338547030969118,-0.025283477403556714,0.0043736859911559225,0.4684983145105335,0.46802948700269725,0.4687478201729878,105,10000,evaluation user,True,False
0.24.0,conditional_on_seed,20260722,goldencheetah_frozen_external,zero_history,180,0.5,0.0,0.234375,0.234375,0.015493977398145231,0.014426236774838754,0.016662883380722047,-0.015493977398145231,-0.016662883380722047,-0.014426236774838754,0.4687440785761279,0.46873856156700155,0.4687481589682663,144,10000,evaluation user,True,False
0.24.0,conditional_on_seed,20260722,unseen_user_test,zero_history,300,0.5,0.0,0.10333251953125,0.10333251953125,0.007856872928107272,0.006691267720948009,0.009066280447309793,-0.007856872928107272,-0.009030146432254384,-0.0015266018022637373,0.20656737350916998,0.2063870918735411,0.20666407800855957,105,10000,evaluation user,True,False
0.24.0,conditional_on_seed,20260722,goldencheetah_frozen_external,zero_history,300,0.5,0.0,0.10333251953125,0.10333251953125,0.006017534426430715,0.005532206404215674,0.006528911043754149,-0.006017534426430715,-0.006528911043754149,-0.005532206404215674,0.2066597983176237,0.2066528057881226,0.20666406934847042,144,10000,evaluation user,True,False
0.24.0,conditional_on_seed,20260722,unseen_user_test,zero_history,60,0.8,0.0,0.337890625,0.337890625,0.019853927315922726,0.017932620321100233,0.02184518693205053,-0.004853796266023003,-0.02036667282400558,0.01686081671680893,0.6747391722495593,0.6729112936303687,0.6757336663280863,105,10000,evaluation user,True,False
0.24.0,conditional_on_seed,20260722,goldencheetah_frozen_external,zero_history,60,0.8,0.0,0.337890625,0.337890625,0.014750896294064675,0.013915263597527183,0.01563990061074102,-0.014750896294064675,-0.015637793583914344,-0.013802513759946584,0.6757441880442059,0.6757119403901232,0.6757695626663505,144,10000,evaluation user,True,False
0.24.0,conditional_on_seed,20260722,unseen_user_test,zero_history,180,0.8,0.0,0.5234375,0.5234375,0.02206479987783294,0.0201753510326199,0.023979361632877474,-0.010003257239144858,-0.02300383035726662,0.013108063447678836,1.0455521595421438,1.0432227834215066,1.0468149530319906,105,10000,evaluation user,True,False
0.24.0,conditional_on_seed,20260722,goldencheetah_frozen_external,zero_history,180,0.8,0.0,0.5234375,0.5234375,0.01870529601598714,0.01761014257055602,0.019830591830648732,-0.01870529601598714,-0.019830591830648732,-0.01761014257055602,1.0468336087606005,1.0467940116994847,1.04686216867325,144,10000,evaluation user,True,False
0.24.0,conditional_on_seed,20260722,unseen_user_test,zero_history,300,0.8,0.0,0.4140625,0.4140625,0.015992498830381674,0.014307632738367984,0.0177847661049459,-0.015992498830381674,-0.017560742703548876,0.007266773530668916,0.8271178666361898,0.8253560732076867,0.82807570910956,105,10000,evaluation user,True,False
0.24.0,conditional_on_seed,20260722,goldencheetah_frozen_external,zero_history,300,0.8,0.0,0.4140625,0.4140625,0.012246654895951226,0.011472216537816753,0.013046759211226434,-0.012246654895951226,-0.013046759211226434,-0.011472216537816755,0.8280922851396078,0.8280610960466277,0.8281149797052485,144,10000,evaluation user,True,False
0.24.0,conditional_on_seed,20260722,unseen_user_test,zero_history,60,0.9,0.0303802490234375,0.62890625,0.5985260009765625,0.017389622701741936,0.01546276929365858,0.019406467331353452,-0.0038553074358830264,-0.017571806660338016,0.010602372160664843,1.1944993733235947,1.1900068885305588,1.196909862268512,105,10000,evaluation user,True,False
0.24.0,conditional_on_seed,20260722,goldencheetah_frozen_external,zero_history,60,0.9,0.0303802490234375,0.62890625,0.5985260009765625,0.014474911495550247,0.013163888476687882,0.01613079430350149,-0.014474911495550247,-0.01613079430350149,-0.013159909123994068,1.196962829773149,1.1968806034806527,1.19702339224316,144,10000,evaluation user,True,False
0.24.0,conditional_on_seed,20260722,unseen_user_test,zero_history,180,0.9,0.0,0.6171875,0.6171875,0.013813410699719308,0.011702094904732998,0.016529471452822,-0.013693164747952458,-0.0163522810338373,0.0035264411124794996,1.231743300451516,1.227221364719422,1.2342270284656567,105,10000,evaluation user,True,False
0.24.0,conditional_on_seed,20260722,goldencheetah_frozen_external,zero_history,180,0.9,0.0,0.6171875,0.6171875,0.011760984298888277,0.010924579866104159,0.012677423534526245,-0.011760984298888277,-0.012677423534526245,-0.01092457986610416,1.23430420790433,1.234246609713212,1.2343493176326465,144,10000,evaluation user,True,False
0.24.0,conditional_on_seed,20260722,unseen_user_test,zero_history,300,0.9,0.0,0.90625,0.90625,0.015251172588059858,0.01356981999624175,0.017070327053637722,-0.015251172588059858,-0.01695152490409321,0.001316004356215235,1.808458774295957,1.8013780217723065,1.8122709818219827,105,10000,evaluation user,True,False
0.24.0,conditional_on_seed,20260722,goldencheetah_frozen_external,zero_history,300,0.9,0.0,0.90625,0.90625,0.015355248525931953,0.014371398547052642,0.016354991990521654,-0.015355248525931953,-0.016354991990521654,-0.014371398547052642,1.8123946426855966,1.812310408858714,1.812460040608552,144,10000,evaluation user,True,False
0.24.0,conditional_on_seed,20260723,unseen_user_test,history_informed,60,0.5,0.0078125,0.06640625,0.05859375,0.007790329045631816,0.006711741167947946,0.008913799941666554,-0.007790329045631816,-0.008897723917175266,-0.006548626320020637,0.11705337870346533,0.1168046052393148,0.11718641008649655,105,10000,evaluation user,True,False
0.24.0,conditional_on_seed,20260723,unseen_user_test,history_informed,180,0.5,0.0286407470703125,0.2138671875,0.1852264404296875,0.017799877848428847,0.015607326044706073,0.020115127895935114,-0.017799877848428847,-0.019870847168182392,-0.011280576360122817,0.36993018766701624,0.36896466198579725,0.37044943542707287,105,10000,evaluation user,True,False
0.24.0,conditional_on_seed,20260723,unseen_user_test,history_informed,300,0.5,0.0,0.1328125,0.1328125,0.010995661555063208,0.009513595512989899,0.012612477942413228,-0.010995661555063208,-0.012530577542933788,-0.008507808077255551,0.2652521467901465,0.26454396799541685,0.2656225295293897,105,10000,evaluation user,True,False
0.24.0,conditional_on_seed,20260723,unseen_user_test,history_informed,60,0.8,0.0,0.19921875,0.19921875,0.013451991872307056,0.011183463386007763,0.01628345066994108,-0.00960459059468799,-0.015317141174994059,0.00976427885950114,0.39745268816592016,0.3956625569366734,0.3984068803785628,105,10000,evaluation user,True,False
0.24.0,conditional_on_seed,20260723,unseen_user_test,history_informed,180,0.8,0.046875,0.5129241943359375,0.4660491943359375,0.020941048998197487,0.018585589359940154,0.02326898767670391,-0.01273855765735854,-0.0222080941049277,0.00680647255904877,0.9292943575529371,0.9241671261606438,0.9320367090101592,105,10000,evaluation user,True,False
0.24.0,conditional_on_seed,20260723,unseen_user_test,history_informed,300,0.8,0.0,0.34765625,0.34765625,0.01550642602448049,0.013668762417033766,0.017482161122161353,-0.01550642602448049,-0.01747554819443656,-0.013468120209058286,0.6931724510395725,0.6892463823263706,0.695267683924513,105,10000,evaluation user,True,False
0.24.0,conditional_on_seed,20260723,unseen_user_test,history_informed,60,0.9,0.02083587646484375,0.306640625,0.28580474853515625,0.009668392188317942,0.008250370023051592,0.011230064141681009,-0.009668392188317942,-0.011126456914617344,0.002736044393762344,0.5694598168478784,0.5657810958046732,0.5714994783313891,105,10000,evaluation user,True,False
0.24.0,conditional_on_seed,20260723,unseen_user_test,history_informed,180,0.9,0.0625,0.625,0.5625,0.012299413353572652,0.010940353941137973,0.013663314456078443,-0.008666051790472307,-0.013302559349175343,0.004295537172989893,1.1201731691893784,1.1116834028884748,1.124817145347126,105,10000,evaluation user,True,False
0.24.0,conditional_on_seed,20260723,unseen_user_test,history_informed,300,0.9,0.140625,0.7734375,0.6328125,0.012235301464360249,0.010741207408227354,0.013842791577220348,-0.012235301464360249,-0.013777895094298633,-0.0020499187833027447,1.2599984928193813,1.2500793344040682,1.2654250766946067,105,10000,evaluation user,True,False
0.24.0,conditional_on_seed,20260723,unseen_user_test,zero_history,60,0.5,0.0205078125,0.1064453125,0.0859375,0.013640160693154213,0.011790731301639965,0.015540756118903858,-0.013640160693154213,-0.015237576158778894,0.0032337134397353224,0.17177430965351093,0.17159683679214943,0.1718734014601928,105,10000,evaluation user,True,False
0.24.0,conditional_on_seed,20260723,goldencheetah_frozen_external,zero_history,60,0.5,0.0205078125,0.1064453125,0.0859375,0.00848373784583778,0.007654080689785628,0.009460492010062266,-0.00848373784583778,-0.00931679158535095,0.0035773933211231427,0.17187203880761892,0.17186873838651667,0.1718743557352366,144,10000,evaluation user,True,False
0.24.0,conditional_on_seed,20260723,unseen_user_test,zero_history,180,0.5,0.0240936279296875,0.28466796875,0.2605743408203125,0.028852308546614136,0.02539998778750091,0.03241057009383461,-0.024956173618723376,-0.030483834216226732,0.003514821215578413,0.5208674824402948,0.52037575781298,0.5211438346476811,105,10000,evaluation user,True,False
0.24.0,conditional_on_seed,20260723,goldencheetah_frozen_external,zero_history,180,0.5,0.0240936279296875,0.28466796875,0.2605743408203125,0.0173489640856897,0.016338310325739052,0.018325141809578074,-0.0173489640856897,-0.018325141809578074,-0.016338310325739052,0.5211323639419412,0.521113868007285,0.5211456090074257,144,10000,evaluation user,True,False
0.24.0,conditional_on_seed,20260723,unseen_user_test,zero_history,300,0.5,0.0,0.1337890625,0.1337890625,0.011896598719724982,0.0104235399841327,0.013438934000954209,-0.011896598719724982,-0.013362803068402686,-0.007834465339274494,0.26744468932822585,0.26721177099943816,0.2675756363641657,105,10000,evaluation user,True,False
0.24.0,conditional_on_seed,20260723,goldencheetah_frozen_external,zero_history,300,0.5,0.0,0.1337890625,0.1337890625,0.007981409464066502,0.007411365577551288,0.008555514017841026,-0.007981409464066502,-0.008555514017841026,-0.007411365577551288,0.2675707005079513,0.26756128104003346,0.2675765057012973,144,10000,evaluation user,True,False
0.24.0,conditional_on_seed,20260723,unseen_user_test,zero_history,60,0.8,0.0,0.27500152587890625,0.27500152587890625,0.016434623431053397,0.014438331085532366,0.018944285439892065,-0.005806374206313358,-0.01738863270441031,0.01555421104430739,0.5489420979600865,0.5471111441034417,0.549942841996639,105,10000,evaluation user,True,False
0.24.0,conditional_on_seed,20260723,goldencheetah_frozen_external,zero_history,60,0.8,0.0,0.27500152587890625,0.27500152587890625,0.011669904454480351,0.010765226661738621,0.01272468035737078,-0.011669904454480351,-0.012719341076171717,-0.009299475719976844,0.5499678882376386,0.549945139283084,0.5499850959741249,144,10000,evaluation user,True,False
0.24.0,conditional_on_seed,20260723,unseen_user_test,zero_history,180,0.8,0.049713134765625,0.6417388916015625,0.5920257568359375,0.024687195612378865,0.022428780127469627,0.0269443325153065,-0.006702831848151014,-0.024872487365874326,0.015131294364143935,1.182119459145671,1.1786710597680032,1.1839522114266892,105,10000,evaluation user,True,False
0.24.0,conditional_on_seed,20260723,goldencheetah_frozen_external,zero_history,180,0.8,0.049713134765625,0.6417388916015625,0.5920257568359375,0.019914142184933592,0.018845943128693476,0.02103930571810288,-0.019914142184933592,-0.02103930571810288,-0.018845943128693476,1.1840033117005895,1.1839568606559014,1.1840364946858704,144,10000,evaluation user,True,False
0.24.0,conditional_on_seed,20260723,unseen_user_test,zero_history,300,0.8,0.0,0.435546875,0.435546875,0.016290257182999146,0.014772739744210334,0.0177671429434312,-0.016290257182999146,-0.01769443540444584,-0.0017561411139384244,0.8698086109273184,0.8675033197992154,0.8710376573250862,105,10000,evaluation user,True,False
0.24.0,conditional_on_seed,20260723,goldencheetah_frozen_external,zero_history,300,0.8,0.0,0.435546875,0.435546875,0.012451751431740266,0.011747715017574743,0.013154414414515333,-0.012451751431740266,-0.013154414414515333,-0.011747715017574743,0.8710576309648559,0.8710232506464244,0.871082470365877,144,10000,evaluation user,True,False
0.24.0,conditional_on_seed,20260723,unseen_user_test,zero_history,60,0.9,0.040496826171875,0.5859375,0.545440673828125,0.016894048288087382,0.014674257685507907,0.01944642343740444,-0.002356088074762286,-0.01653699846763728,0.012209852422563602,1.0874817133897103,1.0814900522052913,1.0906347758707862,105,10000,evaluation user,True,False
0.24.0,conditional_on_seed,20260723,goldencheetah_frozen_external,zero_history,60,0.9,0.040496826171875,0.5859375,0.545440673828125,0.011237949243510403,0.010549100562594251,0.011951236249990838,-0.011237949243510403,-0.011951236249990838,-0.010548595148836406,1.090789121725809,1.090714994669405,1.0908469614927345,144,10000,evaluation user,True,False
0.24.0,conditional_on_seed,20260723,unseen_user_test,zero_history,180,0.9,0.0625,0.747833251953125,0.685333251953125,0.013623235876636941,0.011801891500349233,0.01580335395419864,-0.01198431422786872,-0.015332360973247614,0.0043478190989376855,1.3663273204562856,1.3588771059813671,1.3703803349095407,105,10000,evaluation user,True,False
0.24.0,conditional_on_seed,20260723,goldencheetah_frozen_external,zero_history,180,0.9,0.0625,0.747833251953125,0.685333251953125,0.013027673365072157,0.011863912703821916,0.014615036638181225,-0.013027673365072157,-0.014615036638181225,-0.011863912703821916,1.370454742605169,1.3701990377653714,1.3706113225994936,144,10000,evaluation user,True,False
0.24.0,conditional_on_seed,20260723,unseen_user_test,zero_history,300,0.9,0.1164703369140625,1.0078125,0.8913421630859375,0.016774940664397664,0.015011900396303096,0.018684981728345384,-0.016774940664397664,-0.01855132164463551,-0.0024397697042393427,1.7772585880700973,1.7678206763571378,1.782311665219409,105,10000,evaluation user,True,False
0.24.0,conditional_on_seed,20260723,goldencheetah_frozen_external,zero_history,300,0.9,0.1164703369140625,1.0078125,0.8913421630859375,0.015561439109328945,0.014561390593891273,0.0166001040661777,-0.015561439109328945,-0.0166001040661777,-0.014561390593891275,1.7823952168742139,1.782044537616054,1.7826046633094805,144,10000,evaluation user,True,False
0.24.0,conditional_on_seed,20260724,unseen_user_test,history_informed,60,0.5,0.0030364990234375,0.0751953125,0.0721588134765625,0.00920389031990504,0.00791902384045719,0.010514181295511526,-0.007932321869128345,-0.010123065050074551,0.009842942735033956,0.14407843964037603,0.14362814105859284,0.1443159041890425,105,10000,evaluation user,True,False
0.24.0,conditional_on_seed,20260724,unseen_user_test,history_informed,180,0.5,0.0,0.0349578857421875,0.0349578857421875,0.003174681333287299,0.002504178955171617,0.0038985596609831916,-0.003174681333287299,-0.0038965935939736214,-0.00239510622886014,0.06976893877085466,0.06948747689871478,0.0699147960969384,105,10000,evaluation user,True,False
0.24.0,conditional_on_seed,20260724,unseen_user_test,history_informed,300,0.5,0.0,0.0,0.0,0.0,0.0,0.0,0.0,0.0,0.0,0.0,0.0,0.0,105,10000,evaluation user,True,False
0.24.0,conditional_on_seed,20260724,unseen_user_test,history_informed,60,0.8,0.0,0.0813751220703125,0.0813751220703125,0.005154608388595272,0.004313745940911637,0.006077145411770135,-0.005154608388595272,-0.0059974243675823295,0.005177165818228504,0.16211032436566697,0.16094051459299533,0.162734568958622,105,10000,evaluation user,True,False
0.24.0,conditional_on_seed,20260724,unseen_user_test,history_informed,180,0.8,0.0,0.23828125,0.23828125,0.011108034506087772,0.009597869040768151,0.012729831470662617,-0.009774415286486815,-0.012396505302034616,0.01008806142491373,0.47443666692959496,0.4704425867455903,0.4765113958262769,105,10000,evaluation user,True,False
0.24.0,conditional_on_seed,20260724,unseen_user_test,history_informed,300,0.8,0.0,0.21875,0.21875,0.008732567765901034,0.007541738474852164,0.010007224403903772,-0.008732567765901034,-0.009888649947407874,0.005624332342537199,0.4355377566987002,0.4319456383981707,0.4374586467360885,105,10000,evaluation user,True,False
0.24.0,conditional_on_seed,20260724,unseen_user_test,history_informed,60,0.9,0.0,0.140625,0.140625,0.004569120560433126,0.003606757974455729,0.0056228984832998735,-0.004569120560433126,-0.0056124144396837465,0.003908474345063275,0.2798271849984282,0.27736858800364866,0.2811957472273516,105,10000,evaluation user,True,False
0.24.0,conditional_on_seed,20260724,unseen_user_test,history_informed,180,0.9,0.0,0.578125,0.578125,0.012471223776138185,0.010550531556070691,0.014765543323470359,-0.0045337853636904235,-0.013732514379289285,0.010533706704063185,1.1500606268601707,1.139295862729088,1.1560089072169748,105,10000,evaluation user,True,False
0.24.0,conditional_on_seed,20260724,unseen_user_test,history_informed,300,0.9,0.0,0.5546875,0.5546875,0.011743965612204144,0.009965206274592516,0.01400936089969993,-0.011743965612204144,-0.013705366904043767,0.004083132273957436,1.1033533962073463,1.0928262186105695,1.109156896124696,105,10000,evaluation user,True,False
0.24.0,conditional_on_seed,20260724,unseen_user_test,zero_history,60,0.5,0.068359375,0.185546875,0.1171875,0.015234367575019503,0.013387635070537869,0.017124759092152303,-0.015234367575019503,-0.01662914801246424,0.01306216495905478,0.23421192329931628,0.23391796404788648,0.23437251118311764,105,10000,evaluation user,True,False
0.24.0,conditional_on_seed,20260724,goldencheetah_frozen_external,zero_history,60,0.5,0.068359375,0.185546875,0.1171875,0.01116127096964098,0.010305933229836707,0.012026192302293919,0.004073339550585586,-0.011113247592135342,0.01179331795548013,0.23436969468816393,0.2343619870817928,0.23437423227896276,144,10000,evaluation user,True,False
0.24.0,conditional_on_seed,20260724,unseen_user_test,zero_history,180,0.5,0.0,0.1723175048828125,0.1723175048828125,0.018546192739517298,0.015600094067556485,0.02247228942440873,-0.018546192739517298,-0.022003749527854742,0.005608508457117013,0.34443415081183915,0.34407972121744906,0.3446318044548935,105,10000,evaluation user,True,False
0.24.0,conditional_on_seed,20260724,goldencheetah_frozen_external,zero_history,180,0.5,0.0,0.1723175048828125,0.1723175048828125,0.011270607383154496,0.01055094343970258,0.011998992299075683,-0.011270607383154496,-0.011998992299075683,-0.01055094343970258,0.344631746265156,0.3446279618056217,0.3446343861978233,144,10000,evaluation user,True,False
0.24.0,conditional_on_seed,20260724,unseen_user_test,zero_history,300,0.5,0.0,0.0124969482421875,0.0124969482421875,0.0009773474309184849,0.0006735708071501659,0.0013287018507778592,-0.0009773474309184849,-0.0013266706511736836,-0.0006590601931144624,0.02498196866521596,0.02496128450489188,0.02499366402626002,105,10000,evaluation user,True,False
0.24.0,conditional_on_seed,20260724,goldencheetah_frozen_external,zero_history,300,0.5,0.0,0.0124969482421875,0.0124969482421875,0.0006280158727957619,0.0004739570765636622,0.0008253156581088175,-0.0006280158727957619,-0.0008253156581088175,-0.0004739570765636622,0.024993639390483935,0.024993365342806672,0.024993834650938053,144,10000,evaluation user,True,False
0.24.0,conditional_on_seed,20260724,unseen_user_test,zero_history,60,0.8,0.078125,0.38262939453125,0.30450439453125,0.01750059394464154,0.015537673354683071,0.019502721158939963,-0.00782814339106186,-0.018468803184062917,0.01439280629193553,0.6074940216403419,0.6048427415984159,0.6089424036699616,105,10000,evaluation user,True,False
0.24.0,conditional_on_seed,20260724,goldencheetah_frozen_external,zero_history,60,0.8,0.078125,0.38262939453125,0.30450439453125,0.013109524013500962,0.012360801489725575,0.013888471242397565,-0.013109524013500962,-0.013879893943837212,-0.007572435281535514,0.6089788047328106,0.6089508963475754,0.6089996882268693,144,10000,evaluation user,True,False
0.24.0,conditional_on_seed,20260724,unseen_user_test,zero_history,180,0.8,0.0,0.60546875,0.60546875,0.025266522920464274,0.02271660168758572,0.027902030074954974,-0.007998102937115226,-0.026042894912806227,0.016197189680496542,1.2078205939693234,1.2022387186132537,1.2108119912640498,105,10000,evaluation user,True,False
0.24.0,conditional_on_seed,20260724,goldencheetah_frozen_external,zero_history,180,0.8,0.0,0.60546875,0.60546875,0.020994562310861276,0.019873911472165984,0.02215300729401259,-0.020994562310861276,-0.02215300729401259,-0.019873911472165984,1.2108877507996176,1.2108416343035873,1.210921809364483,144,10000,evaluation user,True,False
0.24.0,conditional_on_seed,20260724,unseen_user_test,zero_history,300,0.8,0.0,0.362396240234375,0.362396240234375,0.013837476633697054,0.012447332058581725,0.015280973322695878,-0.013837476633697054,-0.01522074800502142,0.0009063390851068445,0.723203699510595,0.7203488492864729,0.724728309402245,105,10000,evaluation user,True,False
0.24.0,conditional_on_seed,20260724,goldencheetah_frozen_external,zero_history,300,0.8,0.0,0.362396240234375,0.362396240234375,0.011120993197688778,0.01043761366606617,0.011831682536408128,-0.011120993197688778,-0.011831682536408128,-0.01043761366606617,0.7247625459205871,0.7247345995511529,0.7247827319556353,144,10000,evaluation user,True,False
0.24.0,conditional_on_seed,20260724,unseen_user_test,zero_history,60,0.9,0.15972137451171875,0.6328125,0.47309112548828125,0.013326647603037034,0.011672258593579812,0.015122488505483492,-0.0028980389842802046,-0.014191478829171378,0.011150421246784515,0.9425002056755112,0.9362087295619373,0.945982010707132,105,10000,evaluation user,True,False
0.24.0,conditional_on_seed,20260724,goldencheetah_frozen_external,zero_history,60,0.9,0.15972137451171875,0.6328125,0.47309112548828125,0.010286092529943947,0.009622663676040083,0.010935591454563342,-0.010286092529943947,-0.010935591454563343,-0.009620022763336242,0.9460862255502533,0.9460001894236351,0.9461444758485691,144,10000,evaluation user,True,False
0.24.0,conditional_on_seed,20260724,unseen_user_test,zero_history,180,0.9,0.134613037109375,0.8125,0.677886962890625,0.014506508679824393,0.012709449724650407,0.016709203252546104,-0.009601613901221384,-0.01606462934725935,0.00746503523090399,1.3500169395068689,1.339999192023204,1.355466340719623,105,10000,evaluation user,True,False
0.24.0,conditional_on_seed,20260724,goldencheetah_frozen_external,zero_history,180,0.9,0.134613037109375,0.8125,0.677886962890625,0.012957457828058905,0.0120189031975317,0.013896831240651166,-0.012957457828058905,-0.013896831240651168,-0.0120189031975317,1.3556704658483056,1.3555814590719388,1.355736914753058,144,10000,evaluation user,True,False
0.24.0,conditional_on_seed,20260724,unseen_user_test,zero_history,300,0.9,0.0,0.9921875,0.9921875,0.01735110949258023,0.015468935307230345,0.01929027503535902,-0.01735110949258023,-0.019081602785512748,0.0017522075283251247,1.976117084282997,1.9618442802858334,1.9839301834337495,105,10000,evaluation user,True,False
0.24.0,conditional_on_seed,20260724,goldencheetah_frozen_external,zero_history,300,0.9,0.0,0.9921875,0.9921875,0.01739563498397867,0.01638607986635542,0.018399876441357044,-0.01739563498397867,-0.018399876441357044,-0.01638607986635542,1.9841850732496127,1.98403643932253,1.9842991934374714,144,10000,evaluation user,True,False
0.24.0,conditional_on_seed,20260725,unseen_user_test,history_informed,60,0.5,0.0,0.02703857421875,0.02703857421875,0.003251798294106545,0.00268448566755434,0.0038813156306412547,-0.0005050310763788368,-0.003673302836005747,0.003770746618526418,0.05400271718547245,0.053863789760521995,0.05407634717638388,105,10000,evaluation user,True,False
0.24.0,conditional_on_seed,20260725,unseen_user_test,history_informed,180,0.5,0.0,0.0,0.0,0.0,0.0,0.0,0.0,0.0,0.0,0.0,0.0,0.0,105,10000,evaluation user,True,False
0.24.0,conditional_on_seed,20260725,unseen_user_test,history_informed,300,0.5,0.0,0.0,0.0,0.0,0.0,0.0,0.0,0.0,0.0,0.0,0.0,0.0,105,10000,evaluation user,True,False
0.24.0,conditional_on_seed,20260725,unseen_user_test,history_informed,60,0.8,0.0,0.0,0.0,0.0,0.0,0.0,0.0,0.0,0.0,0.0,0.0,0.0,105,10000,evaluation user,True,False
0.24.0,conditional_on_seed,20260725,unseen_user_test,history_informed,180,0.8,0.0,0.046875,0.046875,0.0019068083072625308,0.0014424332393004613,0.0024342642463626466,0.0010598551131032474,-0.002285736292934798,0.0023411620810329043,0.09350806508925302,0.09305585791099276,0.09374520167056569,105,10000,evaluation user,True,False
0.24.0,conditional_on_seed,20260725,unseen_user_test,history_informed,300,0.8,0.0,0.0305633544921875,0.0305633544921875,0.0010149819413514116,0.0006885511907467722,0.0013998959208258773,-0.0010149819413514116,-0.001391353616727642,0.0009003268445456041,0.060955824566995886,0.06063369125328562,0.06112449988345485,105,10000,evaluation user,True,False
0.24.0,conditional_on_seed,20260725,unseen_user_test,history_informed,60,0.9,0.0,0.1458282470703125,0.1458282470703125,0.004030039200524804,0.0032093091044610974,0.004940914039092445,0.004030039200524804,-0.0034115740223467916,0.004818240984829766,0.29064957311566175,0.28879431297952635,0.2916218318992724,105,10000,evaluation user,True,False
0.24.0,conditional_on_seed,20260725,unseen_user_test,history_informed,180,0.9,0.0,0.205352783203125,0.205352783203125,0.004793282314630609,0.003965144825957004,0.005707167531326246,-0.00041332341046929066,-0.005419592825278779,0.00524322632401811,0.40911513670312516,0.4061878461484916,0.4106600819779542,105,10000,evaluation user,True,False
0.24.0,conditional_on_seed,20260725,unseen_user_test,history_informed,300,0.9,0.0,0.4343719482421875,0.4343719482421875,0.0078106018571361124,0.0063726279609096215,0.009487761829832209,-0.0078106018571361124,-0.009350079457535923,0.004645198571282384,0.8651644315281217,0.8586234458210354,0.8686471124401706,105,10000,evaluation user,True,False
0.24.0,conditional_on_seed,20260725,unseen_user_test,zero_history,60,0.5,0.0,0.0908203125,0.0908203125,0.011207863414397667,0.009816822948533543,0.012608686989668778,0.0013948269393693757,-0.011455729895333938,0.012478846972027287,0.1815222109465111,0.1813081166257468,0.18163740368850873,105,10000,evaluation user,True,False
0.24.0,conditional_on_seed,20260725,goldencheetah_frozen_external,zero_history,60,0.5,0.0,0.0908203125,0.0908203125,0.008111118891359737,0.007597083093954016,0.008664441368635343,0.007475294510263519,-0.008002306977484466,0.008620644627697308,0.18163799595963326,0.18163480957034964,0.18164006680723874,144,10000,evaluation user,True,False
0.24.0,conditional_on_seed,20260725,unseen_user_test,zero_history,180,0.5,0.0,0.0338592529296875,0.0338592529296875,0.003360840541305643,0.0026674669013815404,0.004171098497709152,0.0004843714114446951,-0.003836296994010273,0.00407411443133443,0.06768528309184418,0.06762994042617976,0.06771756112575744,105,10000,evaluation user,True,False
0.24.0,conditional_on_seed,20260725,goldencheetah_frozen_external,zero_history,180,0.5,0.0,0.0338592529296875,0.0338592529296875,0.0017513752700889507,0.0015362146002365518,0.001978705589167502,-0.0017513752700889507,-0.0019787055891675024,-0.0015362146002365518,0.0677173342074866,0.06771613185861605,0.06771819908710319,144,10000,evaluation user,True,False
0.24.0,conditional_on_seed,20260725,unseen_user_test,zero_history,300,0.5,0.0,0.0,0.0,0.0,0.0,0.0,0.0,0.0,0.0,0.0,0.0,0.0,105,10000,evaluation user,True,False
0.24.0,conditional_on_seed,20260725,goldencheetah_frozen_external,zero_history,300,0.5,0.0,0.0,0.0,0.0,0.0,0.0,0.0,0.0,0.0,0.0,0.0,0.0,144,10000,evaluation user,True,False
0.24.0,conditional_on_seed,20260725,unseen_user_test,zero_history,60,0.8,0.0,0.0,0.0,0.0,0.0,0.0,0.0,0.0,0.0,0.0,0.0,0.0,105,10000,evaluation user,True,False
0.24.0,conditional_on_seed,20260725,goldencheetah_frozen_external,zero_history,60,0.8,0.0,0.0,0.0,0.0,0.0,0.0,0.0,0.0,0.0,0.0,0.0,0.0,144,10000,evaluation user,True,False
0.24.0,conditional_on_seed,20260725,unseen_user_test,zero_history,180,0.8,0.0,0.10713958740234375,0.10713958740234375,0.004215325048382512,0.0035685651005323863,0.004926810197139112,-0.002371172961956658,-0.00477800717568197,0.004665440256324071,0.21402544661713208,0.21354945244531542,0.21428102956385056,105,10000,evaluation user,True,False
0.24.0,conditional_on_seed,20260725,goldencheetah_frozen_external,zero_history,180,0.8,0.0,0.10713958740234375,0.10713958740234375,0.0034915689101401304,0.0031534329156939793,0.003847164551830065,-0.0034915689101401304,-0.0038471645518300653,-0.0031534329156939793,0.214281519364647,0.21427343189445178,0.2142871878199392,144,10000,evaluation user,True,False
0.24.0,conditional_on_seed,20260725,unseen_user_test,zero_history,300,0.8,0.0,0.0,0.0,0.0,0.0,0.0,0.0,0.0,0.0,0.0,0.0,0.0,105,10000,evaluation user,True,False
0.24.0,conditional_on_seed,20260725,goldencheetah_frozen_external,zero_history,300,0.8,0.0,0.0,0.0,0.0,0.0,0.0,0.0,0.0,0.0,0.0,0.0,0.0,144,10000,evaluation user,True,False
0.24.0,conditional_on_seed,20260725,unseen_user_test,zero_history,60,0.9,0.0,0.21484375,0.21484375,0.005306537005608014,0.0043959943519713135,0.006337543758568443,0.005306537005608014,-0.005370862393526058,0.006113826425918237,0.4287599039423675,0.4271300858726163,0.4296351089583429,105,10000,evaluation user,True,False
0.24.0,conditional_on_seed,20260725,goldencheetah_frozen_external,zero_history,60,0.9,0.0,0.21484375,0.21484375,0.004529399131966261,0.00393961668649413,0.005306999752287502,-0.004529399131966261,-0.005306999752287503,-0.003934592602967702,0.42965195801019007,0.4296207296107181,0.42967513962294046,144,10000,evaluation user,True,False
0.24.0,conditional_on_seed,20260725,unseen_user_test,zero_history,180,0.9,0.0,0.36978912353515625,0.36978912353515625,0.006286175549363504,0.005492552104958931,0.007088929674235533,-0.006286175549363504,-0.006953043236892037,0.00640828189099159,0.7382702042257243,0.7359734335516765,0.7394875843381201,105,10000,evaluation user,True,False
0.24.0,conditional_on_seed,20260725,goldencheetah_frozen_external,zero_history,180,0.9,0.0,0.36978912353515625,0.36978912353515625,0.006919641837664803,0.006250974044417548,0.007751490323277995,-0.006919641837664803,-0.007751490323277996,-0.006250974044417549,0.7394970142425379,0.7394461812746927,0.7395376000092488,144,10000,evaluation user,True,False
0.24.0,conditional_on_seed,20260725,unseen_user_test,zero_history,300,0.9,0.0,0.5645904541015625,0.5645904541015625,0.011167290367739557,0.009262693456060806,0.01339544801025807,-0.011167290367739557,-0.013276418407666404,0.004281102018257545,1.1272670098747142,1.123953358308179,1.1290602379179824,105,10000,evaluation user,True,False
0.24.0,conditional_on_seed,20260725,goldencheetah_frozen_external,zero_history,300,0.9,0.0,0.5645904541015625,0.5645904541015625,0.009977661428754114,0.009098194791262008,0.010935196072124797,-0.009977661428754114,-0.010935196072124797,-0.009098194791262008,1.1290421762934528,1.1289392792773811,1.1291226732664201,144,10000,evaluation user,True,False
0.24.0,conditional_on_seed,20260726,unseen_user_test,history_informed,60,0.5,0.021484375,0.1275177001953125,0.1060333251953125,0.01415046362093092,0.012518370262518706,0.015883736551954825,-0.01062911156917351,-0.015204050544292082,0.013660900013538466,0.2118068200132388,0.21132253402334727,0.212062508463859,105,10000,evaluation user,True,False
0.24.0,conditional_on_seed,20260726,unseen_user_test,history_informed,180,0.5,0.0,0.10807037353515625,0.10807037353515625,0.010720590377639616,0.009292750739968157,0.01216678505579107,-0.010720590377639616,-0.012153573555929529,-0.009222246465987538,0.21579899665750624,0.21516594581973264,0.2161248287443716,105,10000,evaluation user,True,False
0.24.0,conditional_on_seed,20260726,unseen_user_test,history_informed,300,0.5,0.0,0.1811065673828125,0.1811065673828125,0.015996281622847608,0.014189960123475722,0.0178058260736695,-0.015996281622847608,-0.0175911555463303,-0.007574361982193282,0.36168943436154777,0.36071270162249647,0.3622080815689923,105,10000,evaluation user,True,False
0.24.0,conditional_on_seed,20260726,unseen_user_test,history_informed,60,0.8,0.01953125,0.2356719970703125,0.2161407470703125,0.01188994068066307,0.010495714029879519,0.013292563498069261,-0.01188994068066307,-0.013124305993369298,0.00533708130740054,0.4311760218542915,0.4291812321083512,0.43225345397137893,105,10000,evaluation user,True,False
0.24.0,conditional_on_seed,20260726,unseen_user_test,history_informed,180,0.8,0.029296875,0.49609375,0.466796875,0.023141617907297185,0.020522986634755724,0.02593983308608415,-0.012013593901833985,-0.02441688447123497,0.0070629425268402286,0.930374476342454,0.9245477006310671,0.9335382034418364,105,10000,evaluation user,True,False
0.24.0,conditional_on_seed,20260726,unseen_user_test,history_informed,300,0.8,0.0,0.1940155029296875,0.1940155029296875,0.008197440817465429,0.007105547954979039,0.009371422229392102,-0.008197440817465429,-0.009371422229392102,-0.007082714912821787,0.3866364564885032,0.38408008150184536,0.38801097732199896,105,10000,evaluation user,True,False
0.24.0,conditional_on_seed,20260726,unseen_user_test,history_informed,60,0.9,0.1276092529296875,0.3203125,0.1927032470703125,0.005913506561608384,0.00492149015106236,0.006979734667154002,-0.004069547441699295,-0.006835046477263337,0.0056744370583602195,0.3838893335856781,0.38119240141718524,0.3853650248926364,105,10000,evaluation user,True,False
0.24.0,conditional_on_seed,20260726,unseen_user_test,history_informed,180,0.9,0.046875,0.4915924072265625,0.4447174072265625,0.010793094953605253,0.009409404865798856,0.012300311490007983,-0.010793094953605253,-0.012106783100303428,0.000568605609036378,0.8853784418647628,0.8777685544692807,0.8893354853186383,105,10000,evaluation user,True,False
0.24.0,conditional_on_seed,20260726,unseen_user_test,history_informed,300,0.9,0.0,0.84375,0.84375,0.017482313399909133,0.015611195053449826,0.019412060345579622,-0.017482313399909133,-0.01924735995361608,-0.0028604832761104895,1.6794021927088565,1.6651107709753492,1.6873196886502615,105,10000,evaluation user,True,False
0.24.0,conditional_on_seed,20260726,unseen_user_test,zero_history,60,0.5,0.056915283203125,0.1958770751953125,0.1389617919921875,0.017537624191964363,0.01560716733904967,0.01952395173510316,-0.012361594561970946,-0.018612519709101306,0.016348093223110115,0.27771534519381724,0.2773351697606952,0.2779194482167533,105,10000,evaluation user,True,False
0.24.0,conditional_on_seed,20260726,goldencheetah_frozen_external,zero_history,60,0.5,0.056915283203125,0.1958770751953125,0.1389617919921875,0.013113554170828323,0.012223397883368044,0.014018152953994056,-0.013113554170828323,-0.013870557875039019,-0.00321993171983786,0.27792116470341277,0.277919061752783,0.27792283038164567,144,10000,evaluation user,True,False
0.24.0,conditional_on_seed,20260726,unseen_user_test,zero_history,180,0.5,0.0,0.20654296875,0.20654296875,0.02172553986856607,0.018979819729730292,0.024735384551544427,-0.02172553986856607,-0.024418351700626492,-0.006471997689779333,0.41283814596175894,0.41240308548275273,0.4130801745823458,105,10000,evaluation user,True,False
0.24.0,conditional_on_seed,20260726,goldencheetah_frozen_external,zero_history,180,0.5,0.0,0.20654296875,0.20654296875,0.014000696914316324,0.01313604110148216,0.014919625873591757,-0.014000696914316324,-0.014919625873591757,-0.013136041101482162,0.41308077461857096,0.41307569767570584,0.4130846987751527,144,10000,evaluation user,True,False
0.24.0,conditional_on_seed,20260726,unseen_user_test,zero_history,300,0.5,0.0,0.216796875,0.216796875,0.020145567224807093,0.018085731610402292,0.022204580885190887,-0.020145567224807093,-0.021855958420907054,-0.004346618531259376,0.43336155853989844,0.43296673310807066,0.43358770098005195,105,10000,evaluation user,True,False
0.24.0,conditional_on_seed,20260726,goldencheetah_frozen_external,zero_history,300,0.5,0.0,0.216796875,0.216796875,0.012521228818285879,0.011772031079506803,0.013303729966342341,-0.012521228818285879,-0.013303729966342341,-0.011772031079506803,0.43358776840108604,0.433582085832281,0.4335922807462576,144,10000,evaluation user,True,False
0.24.0,conditional_on_seed,20260726,unseen_user_test,zero_history,60,0.8,0.0709686279296875,0.38818359375,0.3172149658203125,0.018618205088862583,0.016633208668760852,0.020835127005358108,-0.018618205088862583,-0.020389011723746596,0.0029117285669799146,0.6330783332540797,0.6306980443499535,0.6343809473780972,105,10000,evaluation user,True,False
0.24.0,conditional_on_seed,20260726,goldencheetah_frozen_external,zero_history,60,0.8,0.0709686279296875,0.38818359375,0.3172149658203125,0.01414798219995328,0.013394984554785713,0.014924547133029173,-0.01414798219995328,-0.014924547133029173,-0.013391793365464944,0.6343965811908987,0.6343639256707199,0.6344216758926954,144,10000,evaluation user,True,False
0.24.0,conditional_on_seed,20260726,unseen_user_test,zero_history,180,0.8,0.033203125,0.51953125,0.486328125,0.02053675901402774,0.018706373841255258,0.022354601867887094,-0.019321902416925996,-0.022015513338560465,0.0024875164948039586,0.9708030895385349,0.9674769387835426,0.9725971400477301,105,10000,evaluation user,True,False
0.24.0,conditional_on_seed,20260726,goldencheetah_frozen_external,zero_history,180,0.8,0.033203125,0.51953125,0.486328125,0.0166985435415401,0.015789624060122347,0.017600491424921188,-0.0166985435415401,-0.017600491424921188,-0.015789624060122347,0.972619648221162,0.9725828906423064,0.9726465277594413,144,10000,evaluation user,True,False
0.24.0,conditional_on_seed,20260726,unseen_user_test,zero_history,300,0.8,0.0,0.3046875,0.3046875,0.011931722593571004,0.010252560219940829,0.013740577941718199,-0.011931722593571004,-0.013736411188781711,-0.010069530651311722,0.6082926940377718,0.6063557702965244,0.6093393630635042,105,10000,evaluation user,True,False
0.24.0,conditional_on_seed,20260726,goldencheetah_frozen_external,zero_history,300,0.8,0.0,0.3046875,0.3046875,0.009503078731717518,0.008852218913284925,0.010168599123422708,-0.009503078731717518,-0.010168599123422708,-0.008852218913284925,0.6093505889632631,0.6093275521395165,0.6093675135223027,144,10000,evaluation user,True,False
0.24.0,conditional_on_seed,20260726,unseen_user_test,zero_history,60,0.9,0.2398834228515625,0.546875,0.3069915771484375,0.008459790316125315,0.007292865168122334,0.009683879784673666,-0.005176433973388517,-0.009359552224283774,0.007901191949451854,0.6122018975493972,0.6091118550862711,0.6139104049394322,105,10000,evaluation user,True,False
0.24.0,conditional_on_seed,20260726,goldencheetah_frozen_external,zero_history,60,0.9,0.2398834228515625,0.546875,0.3069915771484375,0.007446979382147001,0.006721355861709177,0.008305620789897591,-0.007446979382147001,-0.008305620789897591,-0.006721355861709178,0.6139354391760712,0.6138911385829106,0.6139668812043911,144,10000,evaluation user,True,False
0.24.0,conditional_on_seed,20260726,unseen_user_test,zero_history,180,0.9,0.078125,0.6328125,0.5546875,0.0131369869948883,0.011459427050917386,0.014950872041984885,-0.0131369869948883,-0.014806583827235462,-0.0003916995539322984,1.1059390250202625,1.1000085726055766,1.1092252788700214,105,10000,evaluation user,True,False
0.24.0,conditional_on_seed,20260726,goldencheetah_frozen_external,zero_history,180,0.9,0.078125,0.6328125,0.5546875,0.011745702114624779,0.01086450332714998,0.012735732208940614,-0.011745702114624779,-0.012735732208940614,-0.01086450332714998,1.1093080194298963,1.1092523663164795,1.1093512374359586,144,10000,evaluation user,True,False
0.24.0,conditional_on_seed,20260726,unseen_user_test,zero_history,300,0.9,0.0,1.0677032470703125,1.0677032470703125,0.02008546781300724,0.01795729266146832,0.022418280496285393,-0.02008546781300724,-0.022179605605133164,-0.004039489723142956,2.1287183881873695,2.1171962825683317,2.1351037603201273,105,10000,evaluation user,True,False
0.24.0,conditional_on_seed,20260726,goldencheetah_frozen_external,zero_history,300,0.9,0.0,1.0677032470703125,1.0677032470703125,0.01823495667739472,0.017076279587538115,0.01941250377875424,-0.01823495667739472,-0.01941250377875424,-0.017076279587538115,2.1352704891351593,2.1351688644139526,2.1353505718614163,144,10000,evaluation user,True,False
0.24.0,user_bootstrap_after_averaging_five_fixed_seeds,all_five_fixed,goldencheetah_frozen_external,zero_history,180,0.5,not_single_valued_across_seeds,not_single_valued_across_seeds,not_single_valued_across_seeds,0.011973124210278963,0.0113986832686228,0.012547988680301667,-0.011973124210278963,-0.012547988680301669,-0.0113986832686228,0.3630612595218565,0.36305565920586436,0.36306560434702756,144,10000,evaluation user,True,False
0.24.0,user_bootstrap_after_averaging_five_fixed_seeds,all_five_fixed,goldencheetah_frozen_external,zero_history,180,0.8,not_single_valued_across_seeds,not_single_valued_across_seeds,not_single_valued_across_seeds,0.015960822592692492,0.015322192313625724,0.016616502809436898,-0.015960822592692492,-0.016616502809436898,-0.015322192313625724,0.9257251677693219,0.925688531695931,0.9257503240541185,144,10000,evaluation user,True,False
0.24.0,user_bootstrap_after_averaging_five_fixed_seeds,all_five_fixed,goldencheetah_frozen_external,zero_history,180,0.9,not_single_valued_across_seeds,not_single_valued_across_seeds,not_single_valued_across_seeds,0.011282291888861873,0.010591380893027877,0.012092312430285999,-0.011282291888861873,-0.012092312430285999,-0.010591380893027877,1.1618468900060392,1.161766324476248,1.161909584920132,144,10000,evaluation user,True,False
0.24.0,user_bootstrap_after_averaging_five_fixed_seeds,all_five_fixed,goldencheetah_frozen_external,zero_history,300,0.5,not_single_valued_across_seeds,not_single_valued_across_seeds,not_single_valued_across_seeds,0.005429637716315827,0.005153243447716666,0.005724614384781108,-0.005429637716315827,-0.005724614384781108,-0.005153243447716666,0.18656238132342828,0.1865586446502172,0.18656506674437043,144,10000,evaluation user,True,False
0.24.0,user_bootstrap_after_averaging_five_fixed_seeds,all_five_fixed,goldencheetah_frozen_external,zero_history,300,0.8,not_single_valued_across_seeds,not_single_valued_across_seeds,not_single_valued_across_seeds,0.009064495651419535,0.00866777864855496,0.009464975191843191,-0.009064495651419535,-0.009464975191843191,-0.00866777864855496,0.6066526101976635,0.6066288357605852,0.6066691213375865,144,10000,evaluation user,True,False
0.24.0,user_bootstrap_after_averaging_five_fixed_seeds,all_five_fixed,goldencheetah_frozen_external,zero_history,300,0.9,not_single_valued_across_seeds,not_single_valued_across_seeds,not_single_valued_across_seeds,0.015304988145077636,0.014477727294815695,0.01612814372475643,-0.015304988145077636,-0.01612814372475643,-0.014477727294815695,1.7686575196476113,1.7685257885860852,1.7687598151256814,144,10000,evaluation user,True,False
0.24.0,user_bootstrap_after_averaging_five_fixed_seeds,all_five_fixed,goldencheetah_frozen_external,zero_history,60,0.5,not_single_valued_across_seeds,not_single_valued_across_seeds,not_single_valued_across_seeds,0.00889449060383235,0.00843153065715245,0.009373564696010774,-0.00889449060383235,-0.00920840627523544,0.00829362137168149,0.18787539633433603,0.18787272756906903,0.1878774723359639,144,10000,evaluation user,True,False
0.24.0,user_bootstrap_after_averaging_five_fixed_seeds,all_five_fixed,goldencheetah_frozen_external,zero_history,60,0.8,not_single_valued_across_seeds,not_single_valued_across_seeds,not_single_valued_across_seeds,0.010735661392399898,0.010268258732911092,0.011221368814011154,-0.010735661392399898,-0.011220334323984471,-0.010124382828469726,0.49381749244111006,0.4937950140905351,0.4938353744009629,144,10000,evaluation user,True,False
0.24.0,user_bootstrap_after_averaging_five_fixed_seeds,all_five_fixed,goldencheetah_frozen_external,zero_history,60,0.9,not_single_valued_across_seeds,not_single_valued_across_seeds,not_single_valued_across_seeds,0.009595066356623216,0.009026129264535287,0.010245589030285468,-0.009595066356623216,-0.010245589030285468,-0.009026129264535287,0.8554851148470881,0.8554217087047178,0.8555304485935413,144,10000,evaluation user,True,False
0.24.0,user_bootstrap_after_averaging_five_fixed_seeds,all_five_fixed,unseen_user_test,history_informed,180,0.5,not_single_valued_across_seeds,not_single_valued_across_seeds,not_single_valued_across_seeds,0.009090358209015381,0.008130315267763505,0.01009770510355654,-0.009090358209015381,-0.010064054257063254,-0.00524934688223869,0.18204154361227687,0.1815299581852124,0.1823107799667199,105,10000,evaluation user,True,False
0.24.0,user_bootstrap_after_averaging_five_fixed_seeds,all_five_fixed,unseen_user_test,history_informed,180,0.8,not_single_valued_across_seeds,not_single_valued_across_seeds,not_single_valued_across_seeds,0.014768005432202469,0.013511874319706962,0.01606034940694342,-0.008701652498995238,-0.015691249680622747,0.01057727160794417,0.6360181614266978,0.6320894020902555,0.6380967905986212,105,10000,evaluation user,True,False
0.24.0,user_bootstrap_after_averaging_five_fixed_seeds,all_five_fixed,unseen_user_test,history_informed,180,0.9,not_single_valued_across_seeds,not_single_valued_across_seeds,not_single_valued_across_seeds,0.010312087167979156,0.009354937661275603,0.011309670807664745,-0.006955916396423012,-0.01118096002723322,0.0068545240671381725,0.8731787739803494,0.8660167053740806,0.8770850151421645,105,10000,evaluation user,True,False
0.24.0,user_bootstrap_after_averaging_five_fixed_seeds,all_five_fixed,unseen_user_test,history_informed,300,0.5,not_single_valued_across_seeds,not_single_valued_across_seeds,not_single_valued_across_seeds,0.006666702483759335,0.0059287744802138855,0.007452809902457727,-0.006666702483759335,-0.007418216369060623,-0.00433724374006688,0.14983229356903038,0.14942031790420168,0.15004720954667938,105,10000,evaluation user,True,False
0.24.0,user_bootstrap_after_averaging_five_fixed_seeds,all_five_fixed,unseen_user_test,history_informed,300,0.8,not_single_valued_across_seeds,not_single_valued_across_seeds,not_single_valued_across_seeds,0.008020184675957664,0.007320188260894919,0.008750408570430968,-0.008020184675957664,-0.008744528448114908,-0.005150912443984546,0.38533957345597614,0.3828127183368338,0.3866836086002189,105,10000,evaluation user,True,False
0.24.0,user_bootstrap_after_averaging_five_fixed_seeds,all_five_fixed,unseen_user_test,history_informed,300,0.9,not_single_valued_across_seeds,not_single_valued_across_seeds,not_single_valued_across_seeds,0.01155184975232837,0.010508473558170065,0.012691346946706492,-0.01155184975232837,-0.012641816065134714,0.000344150472177959,1.160410719249164,1.1505251447509324,1.1657609951662915,105,10000,evaluation user,True,False
0.24.0,user_bootstrap_after_averaging_five_fixed_seeds,all_five_fixed,unseen_user_test,history_informed,60,0.5,not_single_valued_across_seeds,not_single_valued_across_seeds,not_single_valued_across_seeds,0.006879296256114942,0.006175151622717516,0.007584443366438931,-0.006879296256114942,-0.007476091280374124,0.0069487849979386635,0.10538827110851123,0.10512230540926093,0.10552809730141041,105,10000,evaluation user,True,False
0.24.0,user_bootstrap_after_averaging_five_fixed_seeds,all_five_fixed,unseen_user_test,history_informed,60,0.8,not_single_valued_across_seeds,not_single_valued_across_seeds,not_single_valued_across_seeds,0.008496066400595859,0.0076621243704374144,0.009347668526567732,-0.004577004759142134,-0.009145955617746716,0.008658682096184511,0.2815568654800593,0.2802521630328171,0.28226792125971667,105,10000,evaluation user,True,False
0.24.0,user_bootstrap_after_averaging_five_fixed_seeds,all_five_fixed,unseen_user_test,history_informed,60,0.9,not_single_valued_across_seeds,not_single_valued_across_seeds,not_single_valued_across_seeds,0.00639442982931826,0.0056165033342461925,0.0072135179549006915,-0.0026895410711927914,-0.007098380880200298,0.006255797961239776,0.41021813337812674,0.40744828777138276,0.411744000665892,105,10000,evaluation user,True,False
0.24.0,user_bootstrap_after_averaging_five_fixed_seeds,all_five_fixed,unseen_user_test,zero_history,180,0.5,not_single_valued_across_seeds,not_single_valued_across_seeds,not_single_valued_across_seeds,0.019174070401138832,0.01742599155695495,0.020986476394697372,-0.019174070401138832,-0.020326417443949155,0.00590595086609609,0.3628646753632552,0.362503880403503,0.3630642389967331,105,10000,evaluation user,True,False
0.24.0,user_bootstrap_after_averaging_five_fixed_seeds,all_five_fixed,unseen_user_test,zero_history,180,0.8,not_single_valued_across_seeds,not_single_valued_across_seeds,not_single_valued_across_seeds,0.019354120494617266,0.017935064673590077,0.02079832103944433,-0.009279453480658617,-0.020163181450530775,0.013301063056474376,0.9240641497625646,0.9210227709760389,0.9256931761183197,105,10000,evaluation user,True,False
0.24.0,user_bootstrap_after_averaging_five_fixed_seeds,all_five_fixed,unseen_user_test,zero_history,180,0.9,not_single_valued_across_seeds,not_single_valued_across_seeds,not_single_valued_across_seeds,0.012273263560086511,0.0112509338354275,0.01339564468156248,-0.012124590693203818,-0.013320334941361572,0.0050941496459896984,1.1584593579321307,1.1524289103783456,1.1617504133318695,105,10000,evaluation user,True,False
0.24.0,user_bootstrap_after_averaging_five_fixed_seeds,all_five_fixed,unseen_user_test,zero_history,300,0.5,not_single_valued_across_seeds,not_single_valued_across_seeds,not_single_valued_across_seeds,0.0081752772607116,0.007418468781794358,0.008968113424772382,-0.0081752772607116,-0.008889501522729036,-0.0012035651444404754,0.18647111800850347,0.1862978516017737,0.18656421587580674,105,10000,evaluation user,True,False
0.24.0,user_bootstrap_after_averaging_five_fixed_seeds,all_five_fixed,unseen_user_test,zero_history,300,0.8,not_single_valued_across_seeds,not_single_valued_across_seeds,not_single_valued_across_seeds,0.011610391048129887,0.01074649471153095,0.012510957603099554,-0.011610391048129887,-0.012471586015287434,-0.00026865135588416747,0.6056845742223693,0.6039098622825481,0.6066359362855424,105,10000,evaluation user,True,False
0.24.0,user_bootstrap_after_averaging_five_fixed_seeds,all_five_fixed,unseen_user_test,zero_history,300,0.9,not_single_valued_across_seeds,not_single_valued_across_seeds,not_single_valued_across_seeds,0.016125996185156977,0.014847432128414786,0.017413894197552075,-0.016125996185156977,-0.017302308392550203,0.00016393708114731024,1.763563968942222,1.7544659180419528,1.7685312499939267,105,10000,evaluation user,True,False
0.24.0,user_bootstrap_after_averaging_five_fixed_seeds,all_five_fixed,unseen_user_test,zero_history,60,0.5,not_single_valued_across_seeds,not_single_valued_across_seeds,not_single_valued_across_seeds,0.0124713547313684,0.011255975253165202,0.013659348702123696,-0.0124713547313684,-0.013256265945219467,0.011590560547707142,0.1877509169592848,0.18752293511960022,0.18787520233222216,105,10000,evaluation user,True,False
0.24.0,user_bootstrap_after_averaging_five_fixed_seeds,all_five_fixed,unseen_user_test,zero_history,60,0.8,not_single_valued_across_seeds,not_single_valued_across_seeds,not_single_valued_across_seeds,0.014481469956096116,0.013332159728655804,0.01564969647445643,-0.005691323980239971,-0.015080204151665694,0.014005373658066245,0.49285072502081206,0.4911317493268362,0.4938008253370699,105,10000,evaluation user,True,False
0.24.0,user_bootstrap_after_averaging_five_fixed_seeds,all_five_fixed,unseen_user_test,zero_history,60,0.9,not_single_valued_across_seeds,not_single_valued_across_seeds,not_single_valued_across_seeds,0.01227532918292007,0.011137315112224247,0.013483209593456025,-0.0015425852436834475,-0.012798923886118746,0.01139985247507191,0.8530886187761233,0.8487652384523476,0.8554119792475079,105,10000,evaluation user,True,False
