analysis_version,source_experiment_version,seed,regime,mode,horizon_seconds,nominal_coverage,calibration_method,conformal_adjustment_bpm,picp,absolute_coverage_error,mean_interval_width_bpm,calibration_users,calibration_sessions,calibration_origins,evaluation_users,evaluation_sessions,evaluation_origins,evaluation_aggregation,formal_equal_user_coverage_guarantee_claimed,external_target_data_used_for_calibration
0.24.0,0.22.0,20260722,unseen_user_test,history_informed,60,0.5,origin_pooled_finite_sample_cqr,0.0,0.4888996781630578,0.011100321836942206,8.994180455252863,97,12835,85247,105,15026,101184,"origin-within-session, session-within-user, equal-user mean",False,False
0.24.0,0.22.0,20260722,unseen_user_test,history_informed,60,0.5,equal_user_equal_session_empirical,0.0,0.4888996781630578,0.011100321836942206,8.994180455252863,97,12835,85247,105,15026,101184,"origin-within-session, session-within-user, equal-user mean",False,False
0.24.0,0.22.0,20260722,unseen_user_test,history_informed,180,0.5,origin_pooled_finite_sample_cqr,0.0,0.4792646160465541,0.020735383953445874,11.117944228927733,97,12835,85247,105,15026,101184,"origin-within-session, session-within-user, equal-user mean",False,False
0.24.0,0.22.0,20260722,unseen_user_test,history_informed,180,0.5,equal_user_equal_session_empirical,0.127532958984375,0.4930212575322752,0.006978742467724786,11.372653823893742,97,12835,85247,105,15026,101184,"origin-within-session, session-within-user, equal-user mean",False,False
0.24.0,0.22.0,20260722,unseen_user_test,history_informed,300,0.5,origin_pooled_finite_sample_cqr,0.0,0.4813614117670946,0.018638588232905373,12.018022490904006,97,12835,85247,105,15026,101184,"origin-within-session, session-within-user, equal-user mean",False,False
0.24.0,0.22.0,20260722,unseen_user_test,history_informed,300,0.5,equal_user_equal_session_empirical,0.0612030029296875,0.4877029810079809,0.012297018992019126,12.14024237759746,97,12835,85247,105,15026,101184,"origin-within-session, session-within-user, equal-user mean",False,False
0.24.0,0.22.0,20260722,unseen_user_test,history_informed,60,0.8,origin_pooled_finite_sample_cqr,0.0,0.7938156547592952,0.0061843452407048805,17.736312104283474,97,12835,85247,105,15026,101184,"origin-within-session, session-within-user, equal-user mean",False,False
0.24.0,0.22.0,20260722,unseen_user_test,history_informed,60,0.8,equal_user_equal_session_empirical,0.208984375,0.8057994458207092,0.005799445820709126,18.153357397297885,97,12835,85247,105,15026,101184,"origin-within-session, session-within-user, equal-user mean",False,False
0.24.0,0.22.0,20260722,unseen_user_test,history_informed,180,0.8,origin_pooled_finite_sample_cqr,0.0,0.7866079658977164,0.013392034102283623,22.080667389851676,97,12835,85247,105,15026,101184,"origin-within-session, session-within-user, equal-user mean",False,False
0.24.0,0.22.0,20260722,unseen_user_test,history_informed,180,0.8,equal_user_equal_session_empirical,0.377349853515625,0.8033504833398831,0.0033504833398830813,22.83314463107096,97,12835,85247,105,15026,101184,"origin-within-session, session-within-user, equal-user mean",False,False
0.24.0,0.22.0,20260722,unseen_user_test,history_informed,300,0.8,origin_pooled_finite_sample_cqr,0.0,0.7838241537704457,0.01617584622955437,23.969228053401867,97,12835,85247,105,15026,101184,"origin-within-session, session-within-user, equal-user mean",False,False
0.24.0,0.22.0,20260722,unseen_user_test,history_informed,300,0.8,equal_user_equal_session_empirical,0.17578125,0.790473660601036,0.009526339398964079,24.319623431887962,97,12835,85247,105,15026,101184,"origin-within-session, session-within-user, equal-user mean",False,False
0.24.0,0.22.0,20260722,unseen_user_test,history_informed,60,0.9,origin_pooled_finite_sample_cqr,0.0390625,0.8969206842860415,0.003079315713958475,23.828300599886663,97,12835,85247,105,15026,101184,"origin-within-session, session-within-user, equal-user mean",False,False
0.24.0,0.22.0,20260722,unseen_user_test,history_informed,60,0.9,equal_user_equal_session_empirical,0.303619384765625,0.9047117749217494,0.004711774921749345,24.35556535822965,97,12835,85247,105,15026,101184,"origin-within-session, session-within-user, equal-user mean",False,False
0.24.0,0.22.0,20260722,unseen_user_test,history_informed,180,0.9,origin_pooled_finite_sample_cqr,0.0,0.8905643956283134,0.009435604371686668,29.746550623696994,97,12835,85247,105,15026,101184,"origin-within-session, session-within-user, equal-user mean",False,False
0.24.0,0.22.0,20260722,unseen_user_test,history_informed,180,0.9,equal_user_equal_session_empirical,0.40234375,0.9017678170702633,0.0017678170702633,30.54771711898125,97,12835,85247,105,15026,101184,"origin-within-session, session-within-user, equal-user mean",False,False
0.24.0,0.22.0,20260722,unseen_user_test,history_informed,300,0.9,origin_pooled_finite_sample_cqr,0.0,0.8829284124570118,0.01707158754298821,32.23860978402401,97,12835,85247,105,15026,101184,"origin-within-session, session-within-user, equal-user mean",False,False
0.24.0,0.22.0,20260722,unseen_user_test,history_informed,300,0.9,equal_user_equal_session_empirical,0.44921875,0.8914154788850438,0.008584521114956223,33.132744867006124,97,12835,85247,105,15026,101184,"origin-within-session, session-within-user, equal-user mean",False,False
0.24.0,0.22.0,20260722,unseen_user_test,zero_history,60,0.5,origin_pooled_finite_sample_cqr,0.0,0.4834283747400051,0.016571625259994893,8.923381598407472,97,12835,85247,105,15026,101184,"origin-within-session, session-within-user, equal-user mean",False,False
0.24.0,0.22.0,20260722,unseen_user_test,zero_history,60,0.5,equal_user_equal_session_empirical,0.0367889404296875,0.48816513252231125,0.011834867477688749,8.996912394110742,97,12835,85247,105,15026,101184,"origin-within-session, session-within-user, equal-user mean",False,False
0.24.0,0.22.0,20260722,goldencheetah_frozen_external,zero_history,60,0.5,origin_pooled_finite_sample_cqr,0.0,0.483751811675376,0.01624818832462399,11.181589239714569,97,12835,85247,144,31851,531725,"origin-within-session, session-within-user, equal-user mean",False,False
0.24.0,0.22.0,20260722,goldencheetah_frozen_external,zero_history,60,0.5,equal_user_equal_session_empirical,0.0367889404296875,0.48735458281687116,0.012645417183128838,11.25516532722742,97,12835,85247,144,31851,531725,"origin-within-session, session-within-user, equal-user mean",False,False
0.24.0,0.22.0,20260722,unseen_user_test,zero_history,180,0.5,origin_pooled_finite_sample_cqr,0.0,0.47559271388044955,0.024407286119550453,10.996147371147474,97,12835,85247,105,15026,101184,"origin-within-session, session-within-user, equal-user mean",False,False
0.24.0,0.22.0,20260722,unseen_user_test,zero_history,180,0.5,equal_user_equal_session_empirical,0.234375,0.49897818419014073,0.0010218158098592722,11.464645685658008,97,12835,85247,105,15026,101184,"origin-within-session, session-within-user, equal-user mean",False,False
0.24.0,0.22.0,20260722,goldencheetah_frozen_external,zero_history,180,0.5,origin_pooled_finite_sample_cqr,0.0,0.45899226850304964,0.04100773149695036,14.243669601488838,97,12835,85247,144,31851,531725,"origin-within-session, session-within-user, equal-user mean",False,False
0.24.0,0.22.0,20260722,goldencheetah_frozen_external,zero_history,180,0.5,equal_user_equal_session_empirical,0.234375,0.47448624590119487,0.02551375409880513,14.712413680064966,97,12835,85247,144,31851,531725,"origin-within-session, session-within-user, equal-user mean",False,False
0.24.0,0.22.0,20260722,unseen_user_test,zero_history,300,0.5,origin_pooled_finite_sample_cqr,0.0,0.47785959914712495,0.022140400852875053,11.929906503419733,97,12835,85247,105,15026,101184,"origin-within-session, session-within-user, equal-user mean",False,False
0.24.0,0.22.0,20260722,unseen_user_test,zero_history,300,0.5,equal_user_equal_session_empirical,0.10333251953125,0.4857164720752322,0.01428352792476778,12.136473876928903,97,12835,85247,105,15026,101184,"origin-within-session, session-within-user, equal-user mean",False,False
0.24.0,0.22.0,20260722,goldencheetah_frozen_external,zero_history,300,0.5,origin_pooled_finite_sample_cqr,0.0,0.45582712566709976,0.044172874332900236,15.492124478886488,97,12835,85247,144,31851,531725,"origin-within-session, session-within-user, equal-user mean",False,False
0.24.0,0.22.0,20260722,goldencheetah_frozen_external,zero_history,300,0.5,equal_user_equal_session_empirical,0.10333251953125,0.4618446600935305,0.03815533990646952,15.698784277204112,97,12835,85247,144,31851,531725,"origin-within-session, session-within-user, equal-user mean",False,False
0.24.0,0.22.0,20260722,unseen_user_test,zero_history,60,0.8,origin_pooled_finite_sample_cqr,0.0,0.7876461382090272,0.012353861790972864,17.559677907156072,97,12835,85247,105,15026,101184,"origin-within-session, session-within-user, equal-user mean",False,False
0.24.0,0.22.0,20260722,unseen_user_test,zero_history,60,0.8,equal_user_equal_session_empirical,0.337890625,0.8075000655249499,0.0075000655249498616,18.23441707940563,97,12835,85247,105,15026,101184,"origin-within-session, session-within-user, equal-user mean",False,False
0.24.0,0.22.0,20260722,goldencheetah_frozen_external,zero_history,60,0.8,origin_pooled_finite_sample_cqr,0.0,0.7764488714965522,0.02355112850344787,22.101485019129548,97,12835,85247,144,31851,531725,"origin-within-session, session-within-user, equal-user mean",False,False
0.24.0,0.22.0,20260722,goldencheetah_frozen_external,zero_history,60,0.8,equal_user_equal_session_empirical,0.337890625,0.7911997677906168,0.008800232209383196,22.777229207173754,97,12835,85247,144,31851,531725,"origin-within-session, session-within-user, equal-user mean",False,False
0.24.0,0.22.0,20260722,unseen_user_test,zero_history,180,0.8,origin_pooled_finite_sample_cqr,0.0,0.7839659714415111,0.0160340285584889,21.857715675554694,97,12835,85247,105,15026,101184,"origin-within-session, session-within-user, equal-user mean",False,False
0.24.0,0.22.0,20260722,unseen_user_test,zero_history,180,0.8,equal_user_equal_session_empirical,0.5234375,0.8060307713193441,0.0060307713193440415,22.903267835096838,97,12835,85247,105,15026,101184,"origin-within-session, session-within-user, equal-user mean",False,False
0.24.0,0.22.0,20260722,goldencheetah_frozen_external,zero_history,180,0.8,origin_pooled_finite_sample_cqr,0.0,0.7474928865930138,0.05250711340698622,28.142225059670864,97,12835,85247,144,31851,531725,"origin-within-session, session-within-user, equal-user mean",False,False
0.24.0,0.22.0,20260722,goldencheetah_frozen_external,zero_history,180,0.8,equal_user_equal_session_empirical,0.5234375,0.766198182609001,0.03380181739099908,29.189058668431464,97,12835,85247,144,31851,531725,"origin-within-session, session-within-user, equal-user mean",False,False
0.24.0,0.22.0,20260722,unseen_user_test,zero_history,300,0.8,origin_pooled_finite_sample_cqr,0.0,0.7788751266207987,0.021124873379201325,23.929530899264133,97,12835,85247,105,15026,101184,"origin-within-session, session-within-user, equal-user mean",False,False
0.24.0,0.22.0,20260722,unseen_user_test,zero_history,300,0.8,equal_user_equal_session_empirical,0.4140625,0.7948676254511804,0.0051323745488196515,24.756648765900323,97,12835,85247,105,15026,101184,"origin-within-session, session-within-user, equal-user mean",False,False
0.24.0,0.22.0,20260722,goldencheetah_frozen_external,zero_history,300,0.8,origin_pooled_finite_sample_cqr,0.0,0.7423402791171151,0.05765972088288496,30.72099858723618,97,12835,85247,144,31851,531725,"origin-within-session, session-within-user, equal-user mean",False,False
0.24.0,0.22.0,20260722,goldencheetah_frozen_external,zero_history,300,0.8,equal_user_equal_session_empirical,0.4140625,0.7545869340130663,0.04541306598693373,31.54909087237579,97,12835,85247,144,31851,531725,"origin-within-session, session-within-user, equal-user mean",False,False
0.24.0,0.22.0,20260722,unseen_user_test,zero_history,60,0.9,origin_pooled_finite_sample_cqr,0.0303802490234375,0.8893775349311875,0.010622465068812481,23.481266651100594,97,12835,85247,105,15026,101184,"origin-within-session, session-within-user, equal-user mean",False,False
0.24.0,0.22.0,20260722,unseen_user_test,zero_history,60,0.9,equal_user_equal_session_empirical,0.62890625,0.9067671576329295,0.006767157632929455,24.67576602442419,97,12835,85247,105,15026,101184,"origin-within-session, session-within-user, equal-user mean",False,False
0.24.0,0.22.0,20260722,goldencheetah_frozen_external,zero_history,60,0.9,origin_pooled_finite_sample_cqr,0.0303802490234375,0.877468808152715,0.022531191847285026,29.490889213678436,97,12835,85247,144,31851,531725,"origin-within-session, session-within-user, equal-user mean",False,False
0.24.0,0.22.0,20260722,goldencheetah_frozen_external,zero_history,60,0.9,equal_user_equal_session_empirical,0.62890625,0.8919437196482652,0.00805628035173478,30.687852043451585,97,12835,85247,144,31851,531725,"origin-within-session, session-within-user, equal-user mean",False,False
0.24.0,0.22.0,20260722,unseen_user_test,zero_history,180,0.9,origin_pooled_finite_sample_cqr,0.0,0.8862467122761641,0.013753287723835883,29.522641439413764,97,12835,85247,105,15026,101184,"origin-within-session, session-within-user, equal-user mean",False,False
0.24.0,0.22.0,20260722,unseen_user_test,zero_history,180,0.9,equal_user_equal_session_empirical,0.6171875,0.9000601229758834,6.012297588342541e-05,30.75438473986528,97,12835,85247,105,15026,101184,"origin-within-session, session-within-user, equal-user mean",False,False
0.24.0,0.22.0,20260722,goldencheetah_frozen_external,zero_history,180,0.9,origin_pooled_finite_sample_cqr,0.0,0.8585680515853216,0.041431948414678454,37.497622004957556,97,12835,85247,144,31851,531725,"origin-within-session, session-within-user, equal-user mean",False,False
0.24.0,0.22.0,20260722,goldencheetah_frozen_external,zero_history,180,0.9,equal_user_equal_session_empirical,0.6171875,0.8703290358842098,0.029670964115790177,38.731926212861886,97,12835,85247,144,31851,531725,"origin-within-session, session-within-user, equal-user mean",False,False
0.24.0,0.22.0,20260722,unseen_user_test,zero_history,300,0.9,origin_pooled_finite_sample_cqr,0.0,0.8779008119961306,0.022099188003869452,32.20851661741245,97,12835,85247,105,15026,101184,"origin-within-session, session-within-user, equal-user mean",False,False
0.24.0,0.22.0,20260722,unseen_user_test,zero_history,300,0.9,equal_user_equal_session_empirical,0.90625,0.8931519845841904,0.006848015415809594,34.01697539170841,97,12835,85247,105,15026,101184,"origin-within-session, session-within-user, equal-user mean",False,False
0.24.0,0.22.0,20260722,goldencheetah_frozen_external,zero_history,300,0.9,origin_pooled_finite_sample_cqr,0.0,0.8502699915305603,0.04973000846943976,40.56033417552666,97,12835,85247,144,31851,531725,"origin-within-session, session-within-user, equal-user mean",False,False
0.24.0,0.22.0,20260722,goldencheetah_frozen_external,zero_history,300,0.9,equal_user_equal_session_empirical,0.90625,0.8656252400564922,0.034374759943507804,42.37272881821226,97,12835,85247,144,31851,531725,"origin-within-session, session-within-user, equal-user mean",False,False
0.24.0,0.22.0,20260723,unseen_user_test,history_informed,60,0.5,origin_pooled_finite_sample_cqr,0.0078125,0.4792207163784136,0.020779283621586375,8.854536618902847,97,12835,85247,105,15026,101184,"origin-within-session, session-within-user, equal-user mean",False,False
0.24.0,0.22.0,20260723,unseen_user_test,history_informed,60,0.5,equal_user_equal_session_empirical,0.06640625,0.48701104542404544,0.012988954575954559,8.971589997606312,97,12835,85247,105,15026,101184,"origin-within-session, session-within-user, equal-user mean",False,False
0.24.0,0.22.0,20260723,unseen_user_test,history_informed,180,0.5,origin_pooled_finite_sample_cqr,0.0286407470703125,0.4725480806956565,0.027451919304343486,10.974606184663529,97,12835,85247,105,15026,101184,"origin-within-session, session-within-user, equal-user mean",False,False
0.24.0,0.22.0,20260723,unseen_user_test,history_informed,180,0.5,equal_user_equal_session_empirical,0.2138671875,0.49034795854408536,0.00965204145591464,11.344536372330545,97,12835,85247,105,15026,101184,"origin-within-session, session-within-user, equal-user mean",False,False
0.24.0,0.22.0,20260723,unseen_user_test,history_informed,300,0.5,origin_pooled_finite_sample_cqr,0.0,0.47760593643498456,0.022394063565015443,11.986034047099732,97,12835,85247,105,15026,101184,"origin-within-session, session-within-user, equal-user mean",False,False
0.24.0,0.22.0,20260723,unseen_user_test,history_informed,300,0.5,equal_user_equal_session_empirical,0.1328125,0.48860159799004776,0.011398402009952235,12.251286193889879,97,12835,85247,105,15026,101184,"origin-within-session, session-within-user, equal-user mean",False,False
0.24.0,0.22.0,20260723,unseen_user_test,history_informed,60,0.8,origin_pooled_finite_sample_cqr,0.0,0.7884717087665025,0.011528291233497523,17.75739533846064,97,12835,85247,105,15026,101184,"origin-within-session, session-within-user, equal-user mean",False,False
0.24.0,0.22.0,20260723,unseen_user_test,history_informed,60,0.8,equal_user_equal_session_empirical,0.19921875,0.8019237006388096,0.0019237006388095335,18.15484802662656,97,12835,85247,105,15026,101184,"origin-within-session, session-within-user, equal-user mean",False,False
0.24.0,0.22.0,20260723,unseen_user_test,history_informed,180,0.8,origin_pooled_finite_sample_cqr,0.046875,0.783160196672222,0.016839803327778013,21.848579626707718,97,12835,85247,105,15026,101184,"origin-within-session, session-within-user, equal-user mean",False,False
0.24.0,0.22.0,20260723,unseen_user_test,history_informed,180,0.8,equal_user_equal_session_empirical,0.5129241943359375,0.8041012456704195,0.004101245670419473,22.777873984260655,97,12835,85247,105,15026,101184,"origin-within-session, session-within-user, equal-user mean",False,False
0.24.0,0.22.0,20260723,unseen_user_test,history_informed,300,0.8,origin_pooled_finite_sample_cqr,0.0,0.7688742913193323,0.031125708680667774,23.636039864008715,97,12835,85247,105,15026,101184,"origin-within-session, session-within-user, equal-user mean",False,False
0.24.0,0.22.0,20260723,unseen_user_test,history_informed,300,0.8,equal_user_equal_session_empirical,0.34765625,0.7843807173438128,0.015619282656187283,24.329212315048288,97,12835,85247,105,15026,101184,"origin-within-session, session-within-user, equal-user mean",False,False
0.24.0,0.22.0,20260723,unseen_user_test,history_informed,60,0.9,origin_pooled_finite_sample_cqr,0.02083587646484375,0.8898726842619826,0.010127315738017395,23.6665228457083,97,12835,85247,105,15026,101184,"origin-within-session, session-within-user, equal-user mean",False,False
0.24.0,0.22.0,20260723,unseen_user_test,history_informed,60,0.9,equal_user_equal_session_empirical,0.306640625,0.8995410764503006,0.0004589235496994526,24.23598266255618,97,12835,85247,105,15026,101184,"origin-within-session, session-within-user, equal-user mean",False,False
0.24.0,0.22.0,20260723,unseen_user_test,history_informed,180,0.9,origin_pooled_finite_sample_cqr,0.0625,0.8895172674279775,0.01048273257202248,29.519310346283277,97,12835,85247,105,15026,101184,"origin-within-session, session-within-user, equal-user mean",False,False
0.24.0,0.22.0,20260723,unseen_user_test,history_informed,180,0.9,equal_user_equal_session_empirical,0.625,0.9018166807815502,0.0018166807815501729,30.639483515472655,97,12835,85247,105,15026,101184,"origin-within-session, session-within-user, equal-user mean",False,False
0.24.0,0.22.0,20260723,unseen_user_test,history_informed,300,0.9,origin_pooled_finite_sample_cqr,0.140625,0.8798345644720659,0.02016543552793415,31.98275230708884,97,12835,85247,105,15026,101184,"origin-within-session, session-within-user, equal-user mean",False,False
0.24.0,0.22.0,20260723,unseen_user_test,history_informed,300,0.9,equal_user_equal_session_empirical,0.7734375,0.8920698659364261,0.007930134063573901,33.24275079990822,97,12835,85247,105,15026,101184,"origin-within-session, session-within-user, equal-user mean",False,False
0.24.0,0.22.0,20260723,unseen_user_test,zero_history,60,0.5,origin_pooled_finite_sample_cqr,0.0205078125,0.48142928283549974,0.01857071716450026,8.914851881815032,97,12835,85247,105,15026,101184,"origin-within-session, session-within-user, equal-user mean",False,False
0.24.0,0.22.0,20260723,unseen_user_test,zero_history,60,0.5,equal_user_equal_session_empirical,0.1064453125,0.49506944352865395,0.004930556471346048,9.086626191468543,97,12835,85247,105,15026,101184,"origin-within-session, session-within-user, equal-user mean",False,False
0.24.0,0.22.0,20260723,goldencheetah_frozen_external,zero_history,60,0.5,origin_pooled_finite_sample_cqr,0.0205078125,0.487563639062623,0.012436360937376989,11.14083347199232,97,12835,85247,144,31851,531725,"origin-within-session, session-within-user, equal-user mean",False,False
0.24.0,0.22.0,20260723,goldencheetah_frozen_external,zero_history,60,0.5,equal_user_equal_session_empirical,0.1064453125,0.4960473769084608,0.003952623091539209,11.312705510799939,97,12835,85247,144,31851,531725,"origin-within-session, session-within-user, equal-user mean",False,False
0.24.0,0.22.0,20260723,unseen_user_test,zero_history,180,0.5,origin_pooled_finite_sample_cqr,0.0240936279296875,0.47309575891733124,0.026904241082668756,11.005836307550247,97,12835,85247,105,15026,101184,"origin-within-session, session-within-user, equal-user mean",False,False
0.24.0,0.22.0,20260723,unseen_user_test,zero_history,180,0.5,equal_user_equal_session_empirical,0.28466796875,0.5019480674639454,0.0019480674639453799,11.526703789990542,97,12835,85247,105,15026,101184,"origin-within-session, session-within-user, equal-user mean",False,False
0.24.0,0.22.0,20260723,goldencheetah_frozen_external,zero_history,180,0.5,origin_pooled_finite_sample_cqr,0.0240936279296875,0.46066377114297397,0.039336228857026034,14.180693122090696,97,12835,85247,144,31851,531725,"origin-within-session, session-within-user, equal-user mean",False,False
0.24.0,0.22.0,20260723,goldencheetah_frozen_external,zero_history,180,0.5,equal_user_equal_session_empirical,0.28466796875,0.47801273522866367,0.021987264771336335,14.701825486032638,97,12835,85247,144,31851,531725,"origin-within-session, session-within-user, equal-user mean",False,False
0.24.0,0.22.0,20260723,unseen_user_test,zero_history,300,0.5,origin_pooled_finite_sample_cqr,0.0,0.474411970003959,0.025588029996040984,11.994089839656988,97,12835,85247,105,15026,101184,"origin-within-session, session-within-user, equal-user mean",False,False
0.24.0,0.22.0,20260723,unseen_user_test,zero_history,300,0.5,equal_user_equal_session_empirical,0.1337890625,0.486308568723684,0.013691431276316002,12.261534528985214,97,12835,85247,105,15026,101184,"origin-within-session, session-within-user, equal-user mean",False,False
0.24.0,0.22.0,20260723,goldencheetah_frozen_external,zero_history,300,0.5,origin_pooled_finite_sample_cqr,0.0,0.4587974043629155,0.041202595637084505,15.573392378344424,97,12835,85247,144,31851,531725,"origin-within-session, session-within-user, equal-user mean",False,False
0.24.0,0.22.0,20260723,goldencheetah_frozen_external,zero_history,300,0.5,equal_user_equal_session_empirical,0.1337890625,0.466778813826982,0.033221186173018,15.840963078852376,97,12835,85247,144,31851,531725,"origin-within-session, session-within-user, equal-user mean",False,False
0.24.0,0.22.0,20260723,unseen_user_test,zero_history,60,0.8,origin_pooled_finite_sample_cqr,0.0,0.7888795011813167,0.011120498818683378,17.717714949100262,97,12835,85247,105,15026,101184,"origin-within-session, session-within-user, equal-user mean",False,False
0.24.0,0.22.0,20260723,unseen_user_test,zero_history,60,0.8,equal_user_equal_session_empirical,0.27500152587890625,0.8053141246123701,0.005314124612370019,18.26665704706035,97,12835,85247,105,15026,101184,"origin-within-session, session-within-user, equal-user mean",False,False
0.24.0,0.22.0,20260723,goldencheetah_frozen_external,zero_history,60,0.8,origin_pooled_finite_sample_cqr,0.0,0.7818236029838247,0.01817639701617535,22.26942861815051,97,12835,85247,144,31851,531725,"origin-within-session, session-within-user, equal-user mean",False,False
0.24.0,0.22.0,20260723,goldencheetah_frozen_external,zero_history,60,0.8,equal_user_equal_session_empirical,0.27500152587890625,0.793493507438305,0.006506492561694999,22.81939650638815,97,12835,85247,144,31851,531725,"origin-within-session, session-within-user, equal-user mean",False,False
0.24.0,0.22.0,20260723,unseen_user_test,zero_history,180,0.8,origin_pooled_finite_sample_cqr,0.049713134765625,0.7843049862697351,0.01569501373026494,21.729016753193854,97,12835,85247,105,15026,101184,"origin-within-session, session-within-user, equal-user mean",False,False
0.24.0,0.22.0,20260723,unseen_user_test,zero_history,180,0.8,equal_user_equal_session_empirical,0.6417388916015625,0.808992181882114,0.008992181882113925,22.911136212339525,97,12835,85247,105,15026,101184,"origin-within-session, session-within-user, equal-user mean",False,False
0.24.0,0.22.0,20260723,goldencheetah_frozen_external,zero_history,180,0.8,origin_pooled_finite_sample_cqr,0.049713134765625,0.7504994599133737,0.0495005400866263,27.890001376908643,97,12835,85247,144,31851,531725,"origin-within-session, session-within-user, equal-user mean",False,False
0.24.0,0.22.0,20260723,goldencheetah_frozen_external,zero_history,180,0.8,equal_user_equal_session_empirical,0.6417388916015625,0.7704136020983073,0.029586397901692707,29.074004688609232,97,12835,85247,144,31851,531725,"origin-within-session, session-within-user, equal-user mean",False,False
0.24.0,0.22.0,20260723,unseen_user_test,zero_history,300,0.8,origin_pooled_finite_sample_cqr,0.0,0.7743152045441142,0.025684795455885867,23.67801111128709,97,12835,85247,105,15026,101184,"origin-within-session, session-within-user, equal-user mean",False,False
0.24.0,0.22.0,20260723,unseen_user_test,zero_history,300,0.8,equal_user_equal_session_empirical,0.435546875,0.7906054617271133,0.009394538272886721,24.54781972221441,97,12835,85247,105,15026,101184,"origin-within-session, session-within-user, equal-user mean",False,False
0.24.0,0.22.0,20260723,goldencheetah_frozen_external,zero_history,300,0.8,origin_pooled_finite_sample_cqr,0.0,0.7417783781726676,0.05822162182733248,30.42658463040257,97,12835,85247,144,31851,531725,"origin-within-session, session-within-user, equal-user mean",False,False
0.24.0,0.22.0,20260723,goldencheetah_frozen_external,zero_history,300,0.8,equal_user_equal_session_empirical,0.435546875,0.7542301296044078,0.045769870395592216,31.297642261367425,97,12835,85247,144,31851,531725,"origin-within-session, session-within-user, equal-user mean",False,False
0.24.0,0.22.0,20260723,unseen_user_test,zero_history,60,0.9,origin_pooled_finite_sample_cqr,0.040496826171875,0.8903749318185752,0.009625068181424834,23.57432669163453,97,12835,85247,105,15026,101184,"origin-within-session, session-within-user, equal-user mean",False,False
0.24.0,0.22.0,20260723,unseen_user_test,zero_history,60,0.9,equal_user_equal_session_empirical,0.5859375,0.9072689801066626,0.007268980106662548,24.66180840502424,97,12835,85247,105,15026,101184,"origin-within-session, session-within-user, equal-user mean",False,False
0.24.0,0.22.0,20260723,goldencheetah_frozen_external,zero_history,60,0.9,origin_pooled_finite_sample_cqr,0.040496826171875,0.880138365957313,0.019861634042687037,29.547367564318833,97,12835,85247,144,31851,531725,"origin-within-session, session-within-user, equal-user mean",False,False
0.24.0,0.22.0,20260723,goldencheetah_frozen_external,zero_history,60,0.9,equal_user_equal_session_empirical,0.5859375,0.8913763152008234,0.008623684799176634,30.638156686044642,97,12835,85247,144,31851,531725,"origin-within-session, session-within-user, equal-user mean",False,False
0.24.0,0.22.0,20260723,unseen_user_test,zero_history,180,0.9,origin_pooled_finite_sample_cqr,0.0625,0.8871962249477472,0.01280377505225283,29.349103569116625,97,12835,85247,105,15026,101184,"origin-within-session, session-within-user, equal-user mean",False,False
0.24.0,0.22.0,20260723,unseen_user_test,zero_history,180,0.9,equal_user_equal_session_empirical,0.747833251953125,0.9008194608243841,0.0008194608243841106,30.71543088957291,97,12835,85247,105,15026,101184,"origin-within-session, session-within-user, equal-user mean",False,False
0.24.0,0.22.0,20260723,goldencheetah_frozen_external,zero_history,180,0.9,origin_pooled_finite_sample_cqr,0.0625,0.8580063663462187,0.04199363365378128,37.20212753889875,97,12835,85247,144,31851,531725,"origin-within-session, session-within-user, equal-user mean",False,False
0.24.0,0.22.0,20260723,goldencheetah_frozen_external,zero_history,180,0.9,equal_user_equal_session_empirical,0.747833251953125,0.8710340397112909,0.028965960288709125,38.57258228150392,97,12835,85247,144,31851,531725,"origin-within-session, session-within-user, equal-user mean",False,False
0.24.0,0.22.0,20260723,unseen_user_test,zero_history,300,0.9,origin_pooled_finite_sample_cqr,0.1164703369140625,0.8756185869011323,0.024381413098867766,31.929970904056148,97,12835,85247,105,15026,101184,"origin-within-session, session-within-user, equal-user mean",False,False
0.24.0,0.22.0,20260723,unseen_user_test,zero_history,300,0.9,equal_user_equal_session_empirical,1.0078125,0.8923935275655299,0.007606472434470102,33.707229492126245,97,12835,85247,105,15026,101184,"origin-within-session, session-within-user, equal-user mean",False,False
0.24.0,0.22.0,20260723,goldencheetah_frozen_external,zero_history,300,0.9,origin_pooled_finite_sample_cqr,0.1164703369140625,0.8499703163764711,0.05002968362352889,40.338670432835926,97,12835,85247,144,31851,531725,"origin-within-session, session-within-user, equal-user mean",False,False
0.24.0,0.22.0,20260723,goldencheetah_frozen_external,zero_history,300,0.9,equal_user_equal_session_empirical,1.0078125,0.8655317554858001,0.03446824451419994,42.12106564971014,97,12835,85247,144,31851,531725,"origin-within-session, session-within-user, equal-user mean",False,False
0.24.0,0.22.0,20260724,unseen_user_test,history_informed,60,0.5,origin_pooled_finite_sample_cqr,0.0030364990234375,0.4914318939054833,0.008568106094516692,9.023766128825478,97,12835,85247,105,15026,101184,"origin-within-session, session-within-user, equal-user mean",False,False
0.24.0,0.22.0,20260724,unseen_user_test,history_informed,60,0.5,equal_user_equal_session_empirical,0.0751953125,0.5006357842253883,0.0006357842253883472,9.167844568465854,97,12835,85247,105,15026,101184,"origin-within-session, session-within-user, equal-user mean",False,False
0.24.0,0.22.0,20260724,unseen_user_test,history_informed,180,0.5,origin_pooled_finite_sample_cqr,0.0,0.48174976229822725,0.018250237701772754,11.340790465289713,97,12835,85247,105,15026,101184,"origin-within-session, session-within-user, equal-user mean",False,False
0.24.0,0.22.0,20260724,unseen_user_test,history_informed,180,0.5,equal_user_equal_session_empirical,0.0349578857421875,0.48492444363151455,0.015075556368485454,11.410559404060567,97,12835,85247,105,15026,101184,"origin-within-session, session-within-user, equal-user mean",False,False
0.24.0,0.22.0,20260724,unseen_user_test,history_informed,300,0.5,origin_pooled_finite_sample_cqr,0.0,0.48230384388332814,0.017696156116671857,12.291192046088888,97,12835,85247,105,15026,101184,"origin-within-session, session-within-user, equal-user mean",False,False
0.24.0,0.22.0,20260724,unseen_user_test,history_informed,300,0.5,equal_user_equal_session_empirical,0.0,0.48230384388332814,0.017696156116671857,12.291192046088888,97,12835,85247,105,15026,101184,"origin-within-session, session-within-user, equal-user mean",False,False
0.24.0,0.22.0,20260724,unseen_user_test,history_informed,60,0.8,origin_pooled_finite_sample_cqr,0.0,0.7917988559377723,0.008201144062227717,17.856706694147604,97,12835,85247,105,15026,101184,"origin-within-session, session-within-user, equal-user mean",False,False
0.24.0,0.22.0,20260724,unseen_user_test,history_informed,60,0.8,equal_user_equal_session_empirical,0.0813751220703125,0.7969534643263676,0.0030465356736324445,18.01881701851327,97,12835,85247,105,15026,101184,"origin-within-session, session-within-user, equal-user mean",False,False
0.24.0,0.22.0,20260724,unseen_user_test,history_informed,180,0.8,origin_pooled_finite_sample_cqr,0.0,0.7895587751037128,0.010441224896287293,22.5048982242085,97,12835,85247,105,15026,101184,"origin-within-session, session-within-user, equal-user mean",False,False
0.24.0,0.22.0,20260724,unseen_user_test,history_informed,180,0.8,equal_user_equal_session_empirical,0.23828125,0.8006668096098005,0.0006668096098004783,22.979334891138095,97,12835,85247,105,15026,101184,"origin-within-session, session-within-user, equal-user mean",False,False
0.24.0,0.22.0,20260724,unseen_user_test,history_informed,300,0.8,origin_pooled_finite_sample_cqr,0.0,0.7842794204081152,0.015720579591884887,24.396421206464904,97,12835,85247,105,15026,101184,"origin-within-session, session-within-user, equal-user mean",False,False
0.24.0,0.22.0,20260724,unseen_user_test,history_informed,300,0.8,equal_user_equal_session_empirical,0.21875,0.7930119881740162,0.006988011825983853,24.831958963163604,97,12835,85247,105,15026,101184,"origin-within-session, session-within-user, equal-user mean",False,False
0.24.0,0.22.0,20260724,unseen_user_test,history_informed,60,0.9,origin_pooled_finite_sample_cqr,0.0,0.8931940296741816,0.006805970325818422,23.939310978758517,97,12835,85247,105,15026,101184,"origin-within-session, session-within-user, equal-user mean",False,False
0.24.0,0.22.0,20260724,unseen_user_test,history_informed,60,0.9,equal_user_equal_session_empirical,0.140625,0.8977631502346147,0.002236849765385296,24.219138163756945,97,12835,85247,105,15026,101184,"origin-within-session, session-within-user, equal-user mean",False,False
0.24.0,0.22.0,20260724,unseen_user_test,history_informed,180,0.9,origin_pooled_finite_sample_cqr,0.0,0.8914974954300857,0.008502504569914304,30.11855917973344,97,12835,85247,105,15026,101184,"origin-within-session, session-within-user, equal-user mean",False,False
0.24.0,0.22.0,20260724,unseen_user_test,history_informed,180,0.9,equal_user_equal_session_empirical,0.578125,0.9039687192062239,0.003968719206223881,31.268619806593613,97,12835,85247,105,15026,101184,"origin-within-session, session-within-user, equal-user mean",False,False
0.24.0,0.22.0,20260724,unseen_user_test,history_informed,300,0.9,origin_pooled_finite_sample_cqr,0.0,0.8827948115801905,0.01720518841980956,32.64716174386515,97,12835,85247,105,15026,101184,"origin-within-session, session-within-user, equal-user mean",False,False
0.24.0,0.22.0,20260724,unseen_user_test,history_informed,300,0.9,equal_user_equal_session_empirical,0.5546875,0.8945387771923946,0.005461222807605415,33.750515140072494,97,12835,85247,105,15026,101184,"origin-within-session, session-within-user, equal-user mean",False,False
0.24.0,0.22.0,20260724,unseen_user_test,zero_history,60,0.5,origin_pooled_finite_sample_cqr,0.068359375,0.4843597371838791,0.01564026281612091,8.994287515500895,97,12835,85247,105,15026,101184,"origin-within-session, session-within-user, equal-user mean",False,False
0.24.0,0.22.0,20260724,unseen_user_test,zero_history,60,0.5,equal_user_equal_session_empirical,0.185546875,0.4995941047588986,0.00040589524110140607,9.228499438800212,97,12835,85247,105,15026,101184,"origin-within-session, session-within-user, equal-user mean",False,False
0.24.0,0.22.0,20260724,goldencheetah_frozen_external,zero_history,60,0.5,origin_pooled_finite_sample_cqr,0.068359375,0.4964560342904723,0.0035439657095276966,11.261477700549145,97,12835,85247,144,31851,531725,"origin-within-session, session-within-user, equal-user mean",False,False
0.24.0,0.22.0,20260724,goldencheetah_frozen_external,zero_history,60,0.5,equal_user_equal_session_empirical,0.185546875,0.5076173052601133,0.007617305260113283,11.495847395237309,97,12835,85247,144,31851,531725,"origin-within-session, session-within-user, equal-user mean",False,False
0.24.0,0.22.0,20260724,unseen_user_test,zero_history,180,0.5,origin_pooled_finite_sample_cqr,0.0,0.4779865988412005,0.022013401158799517,11.144239947185735,97,12835,85247,105,15026,101184,"origin-within-session, session-within-user, equal-user mean",False,False
0.24.0,0.22.0,20260724,unseen_user_test,zero_history,180,0.5,equal_user_equal_session_empirical,0.1723175048828125,0.4965327915807178,0.0034672084192822195,11.488674097997574,97,12835,85247,105,15026,101184,"origin-within-session, session-within-user, equal-user mean",False,False
0.24.0,0.22.0,20260724,goldencheetah_frozen_external,zero_history,180,0.5,origin_pooled_finite_sample_cqr,0.0,0.46491972747542804,0.035080272524571965,14.414550622733977,97,12835,85247,144,31851,531725,"origin-within-session, session-within-user, equal-user mean",False,False
0.24.0,0.22.0,20260724,goldencheetah_frozen_external,zero_history,180,0.5,equal_user_equal_session_empirical,0.1723175048828125,0.47619033485858253,0.02380966514141747,14.759182368999133,97,12835,85247,144,31851,531725,"origin-within-session, session-within-user, equal-user mean",False,False
0.24.0,0.22.0,20260724,unseen_user_test,zero_history,300,0.5,origin_pooled_finite_sample_cqr,0.0,0.4792896527917681,0.020710347208231894,12.107205168324931,97,12835,85247,105,15026,101184,"origin-within-session, session-within-user, equal-user mean",False,False
0.24.0,0.22.0,20260724,unseen_user_test,zero_history,300,0.5,equal_user_equal_session_empirical,0.0124969482421875,0.4802670002226866,0.01973299977731341,12.132187136990147,97,12835,85247,105,15026,101184,"origin-within-session, session-within-user, equal-user mean",False,False
0.24.0,0.22.0,20260724,goldencheetah_frozen_external,zero_history,300,0.5,origin_pooled_finite_sample_cqr,0.0,0.4619076555355312,0.0380923444644688,15.714068061943188,97,12835,85247,144,31851,531725,"origin-within-session, session-within-user, equal-user mean",False,False
0.24.0,0.22.0,20260724,goldencheetah_frozen_external,zero_history,300,0.5,equal_user_equal_session_empirical,0.0124969482421875,0.46253567140832696,0.037464328591673035,15.739061701333672,97,12835,85247,144,31851,531725,"origin-within-session, session-within-user, equal-user mean",False,False
0.24.0,0.22.0,20260724,unseen_user_test,zero_history,60,0.8,origin_pooled_finite_sample_cqr,0.078125,0.7873356313321483,0.0126643686678517,17.638846075203308,97,12835,85247,105,15026,101184,"origin-within-session, session-within-user, equal-user mean",False,False
0.24.0,0.22.0,20260724,unseen_user_test,zero_history,60,0.8,equal_user_equal_session_empirical,0.38262939453125,0.8048362252767899,0.004836225276789841,18.24634009684365,97,12835,85247,105,15026,101184,"origin-within-session, session-within-user, equal-user mean",False,False
0.24.0,0.22.0,20260724,goldencheetah_frozen_external,zero_history,60,0.8,origin_pooled_finite_sample_cqr,0.078125,0.7816999641052279,0.018300035894772138,22.134251478372757,97,12835,85247,144,31851,531725,"origin-within-session, session-within-user, equal-user mean",False,False
0.24.0,0.22.0,20260724,goldencheetah_frozen_external,zero_history,60,0.8,equal_user_equal_session_empirical,0.38262939453125,0.7948094881187289,0.005190511881271176,22.743230283105568,97,12835,85247,144,31851,531725,"origin-within-session, session-within-user, equal-user mean",False,False
0.24.0,0.22.0,20260724,unseen_user_test,zero_history,180,0.8,origin_pooled_finite_sample_cqr,0.0,0.7833676870712103,0.01663231292878975,22.100506263884174,97,12835,85247,105,15026,101184,"origin-within-session, session-within-user, equal-user mean",False,False
0.24.0,0.22.0,20260724,unseen_user_test,zero_history,180,0.8,equal_user_equal_session_empirical,0.60546875,0.8086342099916746,0.008634209991674524,23.308326857853498,97,12835,85247,105,15026,101184,"origin-within-session, session-within-user, equal-user mean",False,False
0.24.0,0.22.0,20260724,goldencheetah_frozen_external,zero_history,180,0.8,origin_pooled_finite_sample_cqr,0.0,0.7522178027900686,0.04778219720993149,28.484069187754283,97,12835,85247,144,31851,531725,"origin-within-session, session-within-user, equal-user mean",False,False
0.24.0,0.22.0,20260724,goldencheetah_frozen_external,zero_history,180,0.8,equal_user_equal_session_empirical,0.60546875,0.7732123651009298,0.026787634899070212,29.6949569385539,97,12835,85247,144,31851,531725,"origin-within-session, session-within-user, equal-user mean",False,False
0.24.0,0.22.0,20260724,unseen_user_test,zero_history,300,0.8,origin_pooled_finite_sample_cqr,0.0,0.7765619795085243,0.023438020491475697,24.16143675237106,97,12835,85247,105,15026,101184,"origin-within-session, session-within-user, equal-user mean",False,False
0.24.0,0.22.0,20260724,unseen_user_test,zero_history,300,0.8,equal_user_equal_session_empirical,0.362396240234375,0.7903994561422214,0.009600543857778643,24.884640451881655,97,12835,85247,105,15026,101184,"origin-within-session, session-within-user, equal-user mean",False,False
0.24.0,0.22.0,20260724,goldencheetah_frozen_external,zero_history,300,0.8,origin_pooled_finite_sample_cqr,0.0,0.7463796273909156,0.05362037260908448,31.01689984372576,97,12835,85247,144,31851,531725,"origin-within-session, session-within-user, equal-user mean",False,False
0.24.0,0.22.0,20260724,goldencheetah_frozen_external,zero_history,300,0.8,equal_user_equal_session_empirical,0.362396240234375,0.7575006205886043,0.0424993794113957,31.741662389646347,97,12835,85247,144,31851,531725,"origin-within-session, session-within-user, equal-user mean",False,False
0.24.0,0.22.0,20260724,unseen_user_test,zero_history,60,0.9,origin_pooled_finite_sample_cqr,0.15972137451171875,0.8918876567063414,0.00811234329365862,23.71593233024277,97,12835,85247,105,15026,101184,"origin-within-session, session-within-user, equal-user mean",False,False
0.24.0,0.22.0,20260724,unseen_user_test,zero_history,60,0.9,equal_user_equal_session_empirical,0.6328125,0.9052143043093784,0.005214304309378415,24.65843253591828,97,12835,85247,105,15026,101184,"origin-within-session, session-within-user, equal-user mean",False,False
0.24.0,0.22.0,20260724,goldencheetah_frozen_external,zero_history,60,0.9,origin_pooled_finite_sample_cqr,0.15972137451171875,0.8813420686981224,0.01865793130187765,29.769610352138265,97,12835,85247,144,31851,531725,"origin-within-session, session-within-user, equal-user mean",False,False
0.24.0,0.22.0,20260724,goldencheetah_frozen_external,zero_history,60,0.9,equal_user_equal_session_empirical,0.6328125,0.8916281612280663,0.008371838771933704,30.71569657768852,97,12835,85247,144,31851,531725,"origin-within-session, session-within-user, equal-user mean",False,False
0.24.0,0.22.0,20260724,unseen_user_test,zero_history,180,0.9,origin_pooled_finite_sample_cqr,0.134613037109375,0.8879459387094771,0.012054061290522888,29.879252519544256,97,12835,85247,105,15026,101184,"origin-within-session, session-within-user, equal-user mean",False,False
0.24.0,0.22.0,20260724,unseen_user_test,zero_history,180,0.9,equal_user_equal_session_empirical,0.8125,0.9024524473893015,0.002452447389301504,31.229269459051125,97,12835,85247,105,15026,101184,"origin-within-session, session-within-user, equal-user mean",False,False
0.24.0,0.22.0,20260724,goldencheetah_frozen_external,zero_history,180,0.9,origin_pooled_finite_sample_cqr,0.134613037109375,0.8618038397916609,0.03819616020833916,37.86622261832751,97,12835,85247,144,31851,531725,"origin-within-session, session-within-user, equal-user mean",False,False
0.24.0,0.22.0,20260724,goldencheetah_frozen_external,zero_history,180,0.9,equal_user_equal_session_empirical,0.8125,0.8747612976197198,0.025238702380280253,39.22189308417582,97,12835,85247,144,31851,531725,"origin-within-session, session-within-user, equal-user mean",False,False
0.24.0,0.22.0,20260724,unseen_user_test,zero_history,300,0.9,origin_pooled_finite_sample_cqr,0.0,0.8771144577329627,0.022885542267037318,32.33047555818749,97,12835,85247,105,15026,101184,"origin-within-session, session-within-user, equal-user mean",False,False
0.24.0,0.22.0,20260724,unseen_user_test,zero_history,300,0.9,equal_user_equal_session_empirical,0.9921875,0.8944655672255429,0.005534432774457088,34.306592642470484,97,12835,85247,105,15026,101184,"origin-within-session, session-within-user, equal-user mean",False,False
0.24.0,0.22.0,20260724,goldencheetah_frozen_external,zero_history,300,0.9,origin_pooled_finite_sample_cqr,0.0,0.8513920865735991,0.04860791342640092,40.727267737939215,97,12835,85247,144,31851,531725,"origin-within-session, session-within-user, equal-user mean",False,False
0.24.0,0.22.0,20260724,goldencheetah_frozen_external,zero_history,300,0.9,equal_user_equal_session_empirical,0.9921875,0.8687877215575778,0.031212278442422248,42.71145281118883,97,12835,85247,144,31851,531725,"origin-within-session, session-within-user, equal-user mean",False,False
0.24.0,0.22.0,20260725,unseen_user_test,history_informed,60,0.5,origin_pooled_finite_sample_cqr,0.0,0.4981215853147573,0.0018784146852426908,9.071362416651732,97,12835,85247,105,15026,101184,"origin-within-session, session-within-user, equal-user mean",False,False
0.24.0,0.22.0,20260725,unseen_user_test,history_informed,60,0.5,equal_user_equal_session_empirical,0.02703857421875,0.5013733836088639,0.001373383608863854,9.125365133837205,97,12835,85247,105,15026,101184,"origin-within-session, session-within-user, equal-user mean",False,False
0.24.0,0.22.0,20260725,unseen_user_test,history_informed,180,0.5,origin_pooled_finite_sample_cqr,0.0,0.4951917124323422,0.004808287567657776,11.464309670469168,97,12835,85247,105,15026,101184,"origin-within-session, session-within-user, equal-user mean",False,False
0.24.0,0.22.0,20260725,unseen_user_test,history_informed,180,0.5,equal_user_equal_session_empirical,0.0,0.4951917124323422,0.004808287567657776,11.464309670469168,97,12835,85247,105,15026,101184,"origin-within-session, session-within-user, equal-user mean",False,False
0.24.0,0.22.0,20260725,unseen_user_test,history_informed,300,0.5,origin_pooled_finite_sample_cqr,0.0,0.4913339529488474,0.008666047051152592,12.375433508926298,97,12835,85247,105,15026,101184,"origin-within-session, session-within-user, equal-user mean",False,False
0.24.0,0.22.0,20260725,unseen_user_test,history_informed,300,0.5,equal_user_equal_session_empirical,0.0,0.4913339529488474,0.008666047051152592,12.375433508926298,97,12835,85247,105,15026,101184,"origin-within-session, session-within-user, equal-user mean",False,False
0.24.0,0.22.0,20260725,unseen_user_test,history_informed,60,0.8,origin_pooled_finite_sample_cqr,0.0,0.806279796193994,0.006279796193993992,18.26948417499328,97,12835,85247,105,15026,101184,"origin-within-session, session-within-user, equal-user mean",False,False
0.24.0,0.22.0,20260725,unseen_user_test,history_informed,60,0.8,equal_user_equal_session_empirical,0.0,0.806279796193994,0.006279796193993992,18.26948417499328,97,12835,85247,105,15026,101184,"origin-within-session, session-within-user, equal-user mean",False,False
0.24.0,0.22.0,20260725,unseen_user_test,history_informed,180,0.8,origin_pooled_finite_sample_cqr,0.0,0.7995765234029204,0.0004234765970796417,22.70964859833625,97,12835,85247,105,15026,101184,"origin-within-session, session-within-user, equal-user mean",False,False
0.24.0,0.22.0,20260725,unseen_user_test,history_informed,180,0.8,equal_user_equal_session_empirical,0.046875,0.8014833317101829,0.0014833317101828891,22.803156663425504,97,12835,85247,105,15026,101184,"origin-within-session, session-within-user, equal-user mean",False,False
0.24.0,0.22.0,20260725,unseen_user_test,history_informed,300,0.8,origin_pooled_finite_sample_cqr,0.0,0.7856523940256633,0.014347605974336708,24.342110042018213,97,12835,85247,105,15026,101184,"origin-within-session, session-within-user, equal-user mean",False,False
0.24.0,0.22.0,20260725,unseen_user_test,history_informed,300,0.8,equal_user_equal_session_empirical,0.0305633544921875,0.7866673759670147,0.013332624032985296,24.40306586658521,97,12835,85247,105,15026,101184,"origin-within-session, session-within-user, equal-user mean",False,False
0.24.0,0.22.0,20260725,unseen_user_test,history_informed,60,0.9,origin_pooled_finite_sample_cqr,0.0,0.9022942015281704,0.002294201528170392,24.356844050947927,97,12835,85247,105,15026,101184,"origin-within-session, session-within-user, equal-user mean",False,False
0.24.0,0.22.0,20260725,unseen_user_test,history_informed,60,0.9,equal_user_equal_session_empirical,0.1458282470703125,0.9063242407286952,0.006324240728695196,24.64749362406359,97,12835,85247,105,15026,101184,"origin-within-session, session-within-user, equal-user mean",False,False
0.24.0,0.22.0,20260725,unseen_user_test,history_informed,180,0.9,origin_pooled_finite_sample_cqr,0.0,0.8973966971374501,0.00260330286254995,30.42510099194825,97,12835,85247,105,15026,101184,"origin-within-session, session-within-user, equal-user mean",False,False
0.24.0,0.22.0,20260725,unseen_user_test,history_informed,180,0.9,equal_user_equal_session_empirical,0.205352783203125,0.9021899794520807,0.0021899794520806593,30.834216128651374,97,12835,85247,105,15026,101184,"origin-within-session, session-within-user, equal-user mean",False,False
0.24.0,0.22.0,20260725,unseen_user_test,history_informed,300,0.9,origin_pooled_finite_sample_cqr,0.0,0.884979326223347,0.01502067377665306,32.81220259811752,97,12835,85247,105,15026,101184,"origin-within-session, session-within-user, equal-user mean",False,False
0.24.0,0.22.0,20260725,unseen_user_test,history_informed,300,0.9,equal_user_equal_session_empirical,0.4343719482421875,0.8927899280804831,0.007210071919516947,33.677367029645644,97,12835,85247,105,15026,101184,"origin-within-session, session-within-user, equal-user mean",False,False
0.24.0,0.22.0,20260725,unseen_user_test,zero_history,60,0.5,origin_pooled_finite_sample_cqr,0.0,0.49509348176248585,0.004906518237514146,9.050260130799828,97,12835,85247,105,15026,101184,"origin-within-session, session-within-user, equal-user mean",False,False
0.24.0,0.22.0,20260725,unseen_user_test,zero_history,60,0.5,equal_user_equal_session_empirical,0.0908203125,0.5063013451768835,0.006301345176883522,9.231782341746339,97,12835,85247,105,15026,101184,"origin-within-session, session-within-user, equal-user mean",False,False
0.24.0,0.22.0,20260725,goldencheetah_frozen_external,zero_history,60,0.5,origin_pooled_finite_sample_cqr,0.0,0.4996820878094519,0.0003179121905481086,11.39881943366398,97,12835,85247,144,31851,531725,"origin-within-session, session-within-user, equal-user mean",False,False
0.24.0,0.22.0,20260725,goldencheetah_frozen_external,zero_history,60,0.5,equal_user_equal_session_empirical,0.0908203125,0.5077932067008116,0.007793206700811628,11.580457429623614,97,12835,85247,144,31851,531725,"origin-within-session, session-within-user, equal-user mean",False,False
0.24.0,0.22.0,20260725,unseen_user_test,zero_history,180,0.5,origin_pooled_finite_sample_cqr,0.0,0.4985617654350695,0.001438234564930474,11.503363696169682,97,12835,85247,105,15026,101184,"origin-within-session, session-within-user, equal-user mean",False,False
0.24.0,0.22.0,20260725,unseen_user_test,zero_history,180,0.5,equal_user_equal_session_empirical,0.0338592529296875,0.5019226059763752,0.001922605976375169,11.571048979261526,97,12835,85247,105,15026,101184,"origin-within-session, session-within-user, equal-user mean",False,False
0.24.0,0.22.0,20260725,goldencheetah_frozen_external,zero_history,180,0.5,origin_pooled_finite_sample_cqr,0.0,0.4750684713348916,0.024931528665108393,14.696770232330683,97,12835,85247,144,31851,531725,"origin-within-session, session-within-user, equal-user mean",False,False
0.24.0,0.22.0,20260725,goldencheetah_frozen_external,zero_history,180,0.5,equal_user_equal_session_empirical,0.0338592529296875,0.47681984660498056,0.023180153395019443,14.76448756653817,97,12835,85247,144,31851,531725,"origin-within-session, session-within-user, equal-user mean",False,False
0.24.0,0.22.0,20260725,unseen_user_test,zero_history,300,0.5,origin_pooled_finite_sample_cqr,0.0,0.49385550565225106,0.006144494347748941,12.376449079061587,97,12835,85247,105,15026,101184,"origin-within-session, session-within-user, equal-user mean",False,False
0.24.0,0.22.0,20260725,unseen_user_test,zero_history,300,0.5,equal_user_equal_session_empirical,0.0,0.49385550565225106,0.006144494347748941,12.376449079061587,97,12835,85247,105,15026,101184,"origin-within-session, session-within-user, equal-user mean",False,False
0.24.0,0.22.0,20260725,goldencheetah_frozen_external,zero_history,300,0.5,origin_pooled_finite_sample_cqr,0.0,0.46494597135406973,0.03505402864593027,15.681686125796457,97,12835,85247,144,31851,531725,"origin-within-session, session-within-user, equal-user mean",False,False
0.24.0,0.22.0,20260725,goldencheetah_frozen_external,zero_history,300,0.5,equal_user_equal_session_empirical,0.0,0.46494597135406973,0.03505402864593027,15.681686125796457,97,12835,85247,144,31851,531725,"origin-within-session, session-within-user, equal-user mean",False,False
0.24.0,0.22.0,20260725,unseen_user_test,zero_history,60,0.8,origin_pooled_finite_sample_cqr,0.0,0.8047459158247404,0.0047459158247403765,18.16037995856932,97,12835,85247,105,15026,101184,"origin-within-session, session-within-user, equal-user mean",False,False
0.24.0,0.22.0,20260725,unseen_user_test,zero_history,60,0.8,equal_user_equal_session_empirical,0.0,0.8047459158247404,0.0047459158247403765,18.16037995856932,97,12835,85247,105,15026,101184,"origin-within-session, session-within-user, equal-user mean",False,False
0.24.0,0.22.0,20260725,goldencheetah_frozen_external,zero_history,60,0.8,origin_pooled_finite_sample_cqr,0.0,0.7947303676664087,0.005269632333591345,22.875979336815305,97,12835,85247,144,31851,531725,"origin-within-session, session-within-user, equal-user mean",False,False
0.24.0,0.22.0,20260725,goldencheetah_frozen_external,zero_history,60,0.8,equal_user_equal_session_empirical,0.0,0.7947303676664087,0.005269632333591345,22.875979336815305,97,12835,85247,144,31851,531725,"origin-within-session, session-within-user, equal-user mean",False,False
0.24.0,0.22.0,20260725,unseen_user_test,zero_history,180,0.8,origin_pooled_finite_sample_cqr,0.0,0.7967067509948305,0.003293249005169585,22.63160950219578,97,12835,85247,105,15026,101184,"origin-within-session, session-within-user, equal-user mean",False,False
0.24.0,0.22.0,20260725,unseen_user_test,zero_history,180,0.8,equal_user_equal_session_empirical,0.10713958740234375,0.800922076043213,0.0009220760432129271,22.84563494881291,97,12835,85247,105,15026,101184,"origin-within-session, session-within-user, equal-user mean",False,False
0.24.0,0.22.0,20260725,goldencheetah_frozen_external,zero_history,180,0.8,origin_pooled_finite_sample_cqr,0.0,0.7620536039540333,0.037946396045966724,28.696237132451795,97,12835,85247,144,31851,531725,"origin-within-session, session-within-user, equal-user mean",False,False
0.24.0,0.22.0,20260725,goldencheetah_frozen_external,zero_history,180,0.8,equal_user_equal_session_empirical,0.10713958740234375,0.7655451728641735,0.03445482713582659,28.910518651816442,97,12835,85247,144,31851,531725,"origin-within-session, session-within-user, equal-user mean",False,False
0.24.0,0.22.0,20260725,unseen_user_test,zero_history,300,0.8,origin_pooled_finite_sample_cqr,0.0,0.7873825180334026,0.0126174819665974,24.376247689424122,97,12835,85247,105,15026,101184,"origin-within-session, session-within-user, equal-user mean",False,False
0.24.0,0.22.0,20260725,unseen_user_test,zero_history,300,0.8,equal_user_equal_session_empirical,0.0,0.7873825180334026,0.0126174819665974,24.376247689424122,97,12835,85247,105,15026,101184,"origin-within-session, session-within-user, equal-user mean",False,False
0.24.0,0.22.0,20260725,goldencheetah_frozen_external,zero_history,300,0.8,origin_pooled_finite_sample_cqr,0.0,0.7487018695444996,0.05129813045550047,30.698720294971565,97,12835,85247,144,31851,531725,"origin-within-session, session-within-user, equal-user mean",False,False
0.24.0,0.22.0,20260725,goldencheetah_frozen_external,zero_history,300,0.8,equal_user_equal_session_empirical,0.0,0.7487018695444996,0.05129813045550047,30.698720294971565,97,12835,85247,144,31851,531725,"origin-within-session, session-within-user, equal-user mean",False,False
0.24.0,0.22.0,20260725,unseen_user_test,zero_history,60,0.9,origin_pooled_finite_sample_cqr,0.0,0.9006332026221446,0.000633202622144613,24.139947299279026,97,12835,85247,105,15026,101184,"origin-within-session, session-within-user, equal-user mean",False,False
0.24.0,0.22.0,20260725,unseen_user_test,zero_history,60,0.9,equal_user_equal_session_empirical,0.21484375,0.9059397396277526,0.005939739627752627,24.568707203221393,97,12835,85247,105,15026,101184,"origin-within-session, session-within-user, equal-user mean",False,False
0.24.0,0.22.0,20260725,goldencheetah_frozen_external,zero_history,60,0.9,origin_pooled_finite_sample_cqr,0.0,0.8882561823723161,0.01174381762768395,30.29715405443424,97,12835,85247,144,31851,531725,"origin-within-session, session-within-user, equal-user mean",False,False
0.24.0,0.22.0,20260725,goldencheetah_frozen_external,zero_history,60,0.9,equal_user_equal_session_empirical,0.21484375,0.8927855815042823,0.007214418495717689,30.72680601244443,97,12835,85247,144,31851,531725,"origin-within-session, session-within-user, equal-user mean",False,False
0.24.0,0.22.0,20260725,unseen_user_test,zero_history,180,0.9,origin_pooled_finite_sample_cqr,0.0,0.8933376530688183,0.0066623469311817285,30.306231852061106,97,12835,85247,105,15026,101184,"origin-within-session, session-within-user, equal-user mean",False,False
0.24.0,0.22.0,20260725,unseen_user_test,zero_history,180,0.9,equal_user_equal_session_empirical,0.36978912353515625,0.8996238286181818,0.0003761713818182244,31.04450205628683,97,12835,85247,105,15026,101184,"origin-within-session, session-within-user, equal-user mean",False,False
0.24.0,0.22.0,20260725,goldencheetah_frozen_external,zero_history,180,0.9,origin_pooled_finite_sample_cqr,0.0,0.86343384003031,0.03656615996969004,37.87653536453316,97,12835,85247,144,31851,531725,"origin-within-session, session-within-user, equal-user mean",False,False
0.24.0,0.22.0,20260725,goldencheetah_frozen_external,zero_history,180,0.9,equal_user_equal_session_empirical,0.36978912353515625,0.8703534818679748,0.029646518132025235,38.6160323787757,97,12835,85247,144,31851,531725,"origin-within-session, session-within-user, equal-user mean",False,False
0.24.0,0.22.0,20260725,unseen_user_test,zero_history,300,0.9,origin_pooled_finite_sample_cqr,0.0,0.8817211115282502,0.018278888471749855,32.80539679901614,97,12835,85247,105,15026,101184,"origin-within-session, session-within-user, equal-user mean",False,False
0.24.0,0.22.0,20260725,unseen_user_test,zero_history,300,0.9,equal_user_equal_session_empirical,0.5645904541015625,0.8928884018959897,0.007111598104010297,33.93266380889085,97,12835,85247,105,15026,101184,"origin-within-session, session-within-user, equal-user mean",False,False
0.24.0,0.22.0,20260725,goldencheetah_frozen_external,zero_history,300,0.9,origin_pooled_finite_sample_cqr,0.0,0.8535285777422003,0.046471422257799766,40.7160859126993,97,12835,85247,144,31851,531725,"origin-within-session, session-within-user, equal-user mean",False,False
0.24.0,0.22.0,20260725,goldencheetah_frozen_external,zero_history,300,0.9,equal_user_equal_session_empirical,0.5645904541015625,0.8635062391709544,0.03649376082904565,41.84512808899275,97,12835,85247,144,31851,531725,"origin-within-session, session-within-user, equal-user mean",False,False
0.24.0,0.22.0,20260726,unseen_user_test,history_informed,60,0.5,origin_pooled_finite_sample_cqr,0.021484375,0.4876102124049478,0.012389787595052215,8.856156523742452,97,12835,85247,105,15026,101184,"origin-within-session, session-within-user, equal-user mean",False,False
0.24.0,0.22.0,20260726,unseen_user_test,history_informed,60,0.5,equal_user_equal_session_empirical,0.1275177001953125,0.5017606760258787,0.0017606760258787046,9.067963343755691,97,12835,85247,105,15026,101184,"origin-within-session, session-within-user, equal-user mean",False,False
0.24.0,0.22.0,20260726,unseen_user_test,history_informed,180,0.5,origin_pooled_finite_sample_cqr,0.0,0.4735487174641824,0.026451282535817577,11.07197941555567,97,12835,85247,105,15026,101184,"origin-within-session, session-within-user, equal-user mean",False,False
0.24.0,0.22.0,20260726,unseen_user_test,history_informed,180,0.5,equal_user_equal_session_empirical,0.10807037353515625,0.48426930784182204,0.01573069215817796,11.287778412213177,97,12835,85247,105,15026,101184,"origin-within-session, session-within-user, equal-user mean",False,False
0.24.0,0.22.0,20260726,unseen_user_test,history_informed,300,0.5,origin_pooled_finite_sample_cqr,0.0,0.4760728831345465,0.023927116865453513,11.93331903821181,97,12835,85247,105,15026,101184,"origin-within-session, session-within-user, equal-user mean",False,False
0.24.0,0.22.0,20260726,unseen_user_test,history_informed,300,0.5,equal_user_equal_session_empirical,0.1811065673828125,0.4920691647573941,0.007930835242605905,12.295008472573357,97,12835,85247,105,15026,101184,"origin-within-session, session-within-user, equal-user mean",False,False
0.24.0,0.22.0,20260726,unseen_user_test,history_informed,60,0.8,origin_pooled_finite_sample_cqr,0.01953125,0.7869513064430906,0.013048693556909408,17.546106276894548,97,12835,85247,105,15026,101184,"origin-within-session, session-within-user, equal-user mean",False,False
0.24.0,0.22.0,20260726,unseen_user_test,history_informed,60,0.8,equal_user_equal_session_empirical,0.2356719970703125,0.7988412471237537,0.0011587528762463384,17.97728229874884,97,12835,85247,105,15026,101184,"origin-within-session, session-within-user, equal-user mean",False,False
0.24.0,0.22.0,20260726,unseen_user_test,history_informed,180,0.8,origin_pooled_finite_sample_cqr,0.029296875,0.7824223940954345,0.017577605904565585,21.950468251297163,97,12835,85247,105,15026,101184,"origin-within-session, session-within-user, equal-user mean",False,False
0.24.0,0.22.0,20260726,unseen_user_test,history_informed,180,0.8,equal_user_equal_session_empirical,0.49609375,0.8055640120027316,0.0055640120027316,22.880842727639617,97,12835,85247,105,15026,101184,"origin-within-session, session-within-user, equal-user mean",False,False
0.24.0,0.22.0,20260726,unseen_user_test,history_informed,300,0.8,origin_pooled_finite_sample_cqr,0.0,0.7743924637361655,0.025607536263834496,23.728849857571774,97,12835,85247,105,15026,101184,"origin-within-session, session-within-user, equal-user mean",False,False
0.24.0,0.22.0,20260726,unseen_user_test,history_informed,300,0.8,equal_user_equal_session_empirical,0.1940155029296875,0.782589904553631,0.017410095446369067,24.115486314060277,97,12835,85247,105,15026,101184,"origin-within-session, session-within-user, equal-user mean",False,False
0.24.0,0.22.0,20260726,unseen_user_test,history_informed,60,0.9,origin_pooled_finite_sample_cqr,0.1276092529296875,0.8950084729983462,0.004991527001653839,23.694641195835192,97,12835,85247,105,15026,101184,"origin-within-session, session-within-user, equal-user mean",False,False
0.24.0,0.22.0,20260726,unseen_user_test,history_informed,60,0.9,equal_user_equal_session_empirical,0.3203125,0.9009219795599546,0.0009219795599545444,24.07853052942087,97,12835,85247,105,15026,101184,"origin-within-session, session-within-user, equal-user mean",False,False
0.24.0,0.22.0,20260726,unseen_user_test,history_informed,180,0.9,origin_pooled_finite_sample_cqr,0.046875,0.8878541354651678,0.01214586453483224,29.570621930315923,97,12835,85247,105,15026,101184,"origin-within-session, session-within-user, equal-user mean",False,False
0.24.0,0.22.0,20260726,unseen_user_test,history_informed,180,0.9,equal_user_equal_session_empirical,0.4915924072265625,0.898647230418773,0.0013527695812269869,30.456000372180686,97,12835,85247,105,15026,101184,"origin-within-session, session-within-user, equal-user mean",False,False
0.24.0,0.22.0,20260726,unseen_user_test,history_informed,300,0.9,origin_pooled_finite_sample_cqr,0.0,0.8762408231382789,0.023759176861721132,31.98872099838669,97,12835,85247,105,15026,101184,"origin-within-session, session-within-user, equal-user mean",False,False
0.24.0,0.22.0,20260726,unseen_user_test,history_informed,300,0.9,equal_user_equal_session_empirical,0.84375,0.893723136538188,0.006276863461811999,33.668123191095546,97,12835,85247,105,15026,101184,"origin-within-session, session-within-user, equal-user mean",False,False
0.24.0,0.22.0,20260726,unseen_user_test,zero_history,60,0.5,origin_pooled_finite_sample_cqr,0.056915283203125,0.48505039062303235,0.014949609376967654,8.827881541050179,97,12835,85247,105,15026,101184,"origin-within-session, session-within-user, equal-user mean",False,False
0.24.0,0.22.0,20260726,unseen_user_test,zero_history,60,0.5,equal_user_equal_session_empirical,0.1958770751953125,0.5025880148149967,0.0025880148149967086,9.105596886243996,97,12835,85247,105,15026,101184,"origin-within-session, session-within-user, equal-user mean",False,False
0.24.0,0.22.0,20260726,goldencheetah_frozen_external,zero_history,60,0.5,origin_pooled_finite_sample_cqr,0.056915283203125,0.4827650075289937,0.017234992471006294,11.053605758590802,97,12835,85247,144,31851,531725,"origin-within-session, session-within-user, equal-user mean",False,False
0.24.0,0.22.0,20260726,goldencheetah_frozen_external,zero_history,60,0.5,equal_user_equal_session_empirical,0.1958770751953125,0.49587856169982203,0.004121438300177971,11.331526923294215,97,12835,85247,144,31851,531725,"origin-within-session, session-within-user, equal-user mean",False,False
0.24.0,0.22.0,20260726,unseen_user_test,zero_history,180,0.5,origin_pooled_finite_sample_cqr,0.0,0.47118304589798377,0.028816954102016235,11.035189116319211,97,12835,85247,105,15026,101184,"origin-within-session, session-within-user, equal-user mean",False,False
0.24.0,0.22.0,20260726,unseen_user_test,zero_history,180,0.5,equal_user_equal_session_empirical,0.20654296875,0.49290858576654983,0.007091414233450166,11.44802726228097,97,12835,85247,105,15026,101184,"origin-within-session, session-within-user, equal-user mean",False,False
0.24.0,0.22.0,20260726,goldencheetah_frozen_external,zero_history,180,0.5,origin_pooled_finite_sample_cqr,0.0,0.4554788018750182,0.04452119812498179,14.149925064716655,97,12835,85247,144,31851,531725,"origin-within-session, session-within-user, equal-user mean",False,False
0.24.0,0.22.0,20260726,goldencheetah_frozen_external,zero_history,180,0.5,equal_user_equal_session_empirical,0.20654296875,0.46947949878933454,0.030520501210665463,14.563005839335226,97,12835,85247,144,31851,531725,"origin-within-session, session-within-user, equal-user mean",False,False
0.24.0,0.22.0,20260726,unseen_user_test,zero_history,300,0.5,origin_pooled_finite_sample_cqr,0.0,0.47195562245501016,0.02804437754498984,11.873232181847849,97,12835,85247,105,15026,101184,"origin-within-session, session-within-user, equal-user mean",False,False
0.24.0,0.22.0,20260726,unseen_user_test,zero_history,300,0.5,equal_user_equal_session_empirical,0.216796875,0.49210118967981725,0.007898810320182748,12.306593740387747,97,12835,85247,105,15026,101184,"origin-within-session, session-within-user, equal-user mean",False,False
0.24.0,0.22.0,20260726,goldencheetah_frozen_external,zero_history,300,0.5,origin_pooled_finite_sample_cqr,0.0,0.4501385866142156,0.049861413385784426,15.252367680183896,97,12835,85247,144,31851,531725,"origin-within-session, session-within-user, equal-user mean",False,False
0.24.0,0.22.0,20260726,goldencheetah_frozen_external,zero_history,300,0.5,equal_user_equal_session_empirical,0.216796875,0.46265981543250145,0.03734018456749855,15.685955448584982,97,12835,85247,144,31851,531725,"origin-within-session, session-within-user, equal-user mean",False,False
0.24.0,0.22.0,20260726,unseen_user_test,zero_history,60,0.8,origin_pooled_finite_sample_cqr,0.0709686279296875,0.7809608286119272,0.019039171388072873,17.359495889867134,97,12835,85247,105,15026,101184,"origin-within-session, session-within-user, equal-user mean",False,False
0.24.0,0.22.0,20260726,unseen_user_test,zero_history,60,0.8,equal_user_equal_session_empirical,0.38818359375,0.7995790337007898,0.0004209662992102903,17.992574223121213,97,12835,85247,105,15026,101184,"origin-within-session, session-within-user, equal-user mean",False,False
0.24.0,0.22.0,20260726,goldencheetah_frozen_external,zero_history,60,0.8,origin_pooled_finite_sample_cqr,0.0709686279296875,0.7729597575404331,0.027040242459566932,21.82609839312306,97,12835,85247,144,31851,531725,"origin-within-session, session-within-user, equal-user mean",False,False
0.24.0,0.22.0,20260726,goldencheetah_frozen_external,zero_history,60,0.8,equal_user_equal_session_empirical,0.38818359375,0.7871077397403864,0.012892260259613653,22.46049497431396,97,12835,85247,144,31851,531725,"origin-within-session, session-within-user, equal-user mean",False,False
0.24.0,0.22.0,20260726,unseen_user_test,zero_history,180,0.8,origin_pooled_finite_sample_cqr,0.033203125,0.7800706692845232,0.019929330715476867,21.719972054700552,97,12835,85247,105,15026,101184,"origin-within-session, session-within-user, equal-user mean",False,False
0.24.0,0.22.0,20260726,unseen_user_test,zero_history,180,0.8,equal_user_equal_session_empirical,0.51953125,0.8006074282985509,0.0006074282985508717,22.690775144239087,97,12835,85247,105,15026,101184,"origin-within-session, session-within-user, equal-user mean",False,False
0.24.0,0.22.0,20260726,goldencheetah_frozen_external,zero_history,180,0.8,origin_pooled_finite_sample_cqr,0.033203125,0.743990137094686,0.05600986290531407,27.6413777173645,97,12835,85247,144,31851,531725,"origin-within-session, session-within-user, equal-user mean",False,False
0.24.0,0.22.0,20260726,goldencheetah_frozen_external,zero_history,180,0.8,equal_user_equal_session_empirical,0.51953125,0.7606886806362261,0.03931131936377397,28.61399736558566,97,12835,85247,144,31851,531725,"origin-within-session, session-within-user, equal-user mean",False,False
0.24.0,0.22.0,20260726,unseen_user_test,zero_history,300,0.8,origin_pooled_finite_sample_cqr,0.0,0.7700209318915325,0.02997906810846751,23.58737981046007,97,12835,85247,105,15026,101184,"origin-within-session, session-within-user, equal-user mean",False,False
0.24.0,0.22.0,20260726,unseen_user_test,zero_history,300,0.8,equal_user_equal_session_empirical,0.3046875,0.7819526544851035,0.018047345514896507,24.195672504497843,97,12835,85247,105,15026,101184,"origin-within-session, session-within-user, equal-user mean",False,False
0.24.0,0.22.0,20260726,goldencheetah_frozen_external,zero_history,300,0.8,origin_pooled_finite_sample_cqr,0.0,0.7362278439665675,0.06377215603343256,29.911197870442784,97,12835,85247,144,31851,531725,"origin-within-session, session-within-user, equal-user mean",False,False
0.24.0,0.22.0,20260726,goldencheetah_frozen_external,zero_history,300,0.8,equal_user_equal_session_empirical,0.3046875,0.745730922698285,0.05426907730171504,30.520548459406047,97,12835,85247,144,31851,531725,"origin-within-session, session-within-user, equal-user mean",False,False
0.24.0,0.22.0,20260726,unseen_user_test,zero_history,60,0.9,origin_pooled_finite_sample_cqr,0.2398834228515625,0.8931818878552431,0.006818112144756916,23.41666679153853,97,12835,85247,105,15026,101184,"origin-within-session, session-within-user, equal-user mean",False,False
0.24.0,0.22.0,20260726,unseen_user_test,zero_history,60,0.9,equal_user_equal_session_empirical,0.546875,0.9016416781713684,0.0016416781713683992,24.028868689087926,97,12835,85247,105,15026,101184,"origin-within-session, session-within-user, equal-user mean",False,False
0.24.0,0.22.0,20260726,goldencheetah_frozen_external,zero_history,60,0.9,origin_pooled_finite_sample_cqr,0.2398834228515625,0.8785589828862091,0.021441017113790872,29.273910658355177,97,12835,85247,144,31851,531725,"origin-within-session, session-within-user, equal-user mean",False,False
0.24.0,0.22.0,20260726,goldencheetah_frozen_external,zero_history,60,0.9,equal_user_equal_session_empirical,0.546875,0.8860059622683562,0.013994037731643871,29.88784609753125,97,12835,85247,144,31851,531725,"origin-within-session, session-within-user, equal-user mean",False,False
0.24.0,0.22.0,20260726,unseen_user_test,zero_history,180,0.9,origin_pooled_finite_sample_cqr,0.078125,0.8842788353645678,0.015721164635432272,29.381208322612917,97,12835,85247,105,15026,101184,"origin-within-session, session-within-user, equal-user mean",False,False
0.24.0,0.22.0,20260726,unseen_user_test,zero_history,180,0.9,equal_user_equal_session_empirical,0.6328125,0.897415822359456,0.002584177640543972,30.48714734763318,97,12835,85247,105,15026,101184,"origin-within-session, session-within-user, equal-user mean",False,False
0.24.0,0.22.0,20260726,goldencheetah_frozen_external,zero_history,180,0.9,origin_pooled_finite_sample_cqr,0.078125,0.8533203699393083,0.04667963006069176,36.75728407705474,97,12835,85247,144,31851,531725,"origin-within-session, session-within-user, equal-user mean",False,False
0.24.0,0.22.0,20260726,goldencheetah_frozen_external,zero_history,180,0.9,equal_user_equal_session_empirical,0.6328125,0.865066072053933,0.03493392794606698,37.86659209648464,97,12835,85247,144,31851,531725,"origin-within-session, session-within-user, equal-user mean",False,False
0.24.0,0.22.0,20260726,unseen_user_test,zero_history,300,0.9,origin_pooled_finite_sample_cqr,0.0,0.8729032770216287,0.02709672297837129,31.9882198253701,97,12835,85247,105,15026,101184,"origin-within-session, session-within-user, equal-user mean",False,False
0.24.0,0.22.0,20260726,unseen_user_test,zero_history,300,0.9,equal_user_equal_session_empirical,1.0677032470703125,0.892988744834636,0.00701125516536405,34.11693821355747,97,12835,85247,105,15026,101184,"origin-within-session, session-within-user, equal-user mean",False,False
0.24.0,0.22.0,20260726,goldencheetah_frozen_external,zero_history,300,0.9,origin_pooled_finite_sample_cqr,0.0,0.8462903412436696,0.05370965875633038,39.8084092702753,97,12835,85247,144,31851,531725,"origin-within-session, session-within-user, equal-user mean",False,False
0.24.0,0.22.0,20260726,goldencheetah_frozen_external,zero_history,300,0.9,equal_user_equal_session_empirical,1.0677032470703125,0.8645252979210644,0.03547470207893566,41.94367975941046,97,12835,85247,144,31851,531725,"origin-within-session, session-within-user, equal-user mean",False,False
