analysis_version,source_model_version,held_sport_code,held_sport_family,regime,mode,horizon_seconds,nominal_coverage,calibrated,conformal_adjustment_bpm,picp,picp_ci_low,picp_ci_high,absolute_coverage_error,absolute_coverage_error_ci_low,absolute_coverage_error_ci_high,mean_interval_width_bpm,mean_interval_width_ci_low,mean_interval_width_ci_high,users,sessions,origins,support_caution_lt25_users,bootstrap_replicates,bootstrap_unit,aggregation
0.17.0,0.12.0,1,outdoor_cycling,unseen_sport__outdoor_cycling,history_informed,60,0.9,True,0.51953125,0.8517031669616699,0.8427797359900664,0.8601905971633649,0.0482968330383301,0.039809402836635095,0.057220264009933595,29.5341796875,28.983058697354476,30.088878385788572,452,40943,236748,False,10000,user,"origin-within-session, session-within-user, equal-user mean"
0.17.0,0.12.0,1,outdoor_cycling,unseen_sport__outdoor_cycling,history_informed,180,0.9,True,0.4187469482421875,0.8713454604148865,0.8638743151226534,0.8785866691112783,0.028654539585113548,0.021413330888721778,0.036125684877346596,37.249534606933594,36.64837033695879,37.854716154537364,452,40943,236748,False,10000,user,"origin-within-session, session-within-user, equal-user mean"
0.17.0,0.12.0,1,outdoor_cycling,unseen_sport__outdoor_cycling,history_informed,300,0.9,True,0.46224212646484375,0.8743406534194946,0.8666129783768438,0.8818656384829531,0.025659346580505393,0.01813436151704691,0.03338702162315625,40.4097900390625,39.79169113087443,41.04645973264643,452,40943,236748,False,10000,user,"origin-within-session, session-within-user, equal-user mean"
0.17.0,0.12.0,1,outdoor_cycling,unseen_sport__outdoor_cycling,zero_history,60,0.9,True,0.5812530517578125,0.8362619876861572,0.8275998784443446,0.8445815904675859,0.0637380123138428,0.055418409532414135,0.07240012155565541,28.324586868286133,27.772667369853078,28.884446074846572,452,40943,236748,False,10000,user,"origin-within-session, session-within-user, equal-user mean"
0.17.0,0.12.0,1,outdoor_cycling,unseen_sport__outdoor_cycling,zero_history,180,0.9,True,0.4375,0.847156286239624,0.8383848636336955,0.8554232324481801,0.052843713760376,0.04457676755181989,0.0616151363663046,34.86349868774414,34.27606852371081,35.451319996973055,452,40943,236748,False,10000,user,"origin-within-session, session-within-user, equal-user mean"
0.17.0,0.12.0,1,outdoor_cycling,unseen_sport__outdoor_cycling,zero_history,300,0.9,True,0.5260467529296875,0.8443360924720764,0.8354279483099822,0.8528302385611872,0.055663907527923606,0.04716976143881284,0.06457205169001776,37.46871566772461,36.88624993014125,38.06734721966549,452,40943,236748,False,10000,user,"origin-within-session, session-within-user, equal-user mean"
0.17.0,0.12.0,1,outdoor_cycling,joint_user_sport__outdoor_cycling,history_informed,60,0.9,True,0.51953125,0.8585752248764038,0.841555705047273,0.8750849102998709,0.041424775123596214,0.024915089700129147,0.05844429495272702,29.787660598754883,28.441600219924727,31.199332471946615,77,6097,37856,False,10000,user,"origin-within-session, session-within-user, equal-user mean"
0.17.0,0.12.0,1,outdoor_cycling,joint_user_sport__outdoor_cycling,history_informed,180,0.9,True,0.4187469482421875,0.8670427203178406,0.8485948304657813,0.8845158173085808,0.032957279682159446,0.0154841826914193,0.051405169534218746,37.25264358520508,35.75954542903157,38.79126325892164,77,6097,37856,False,10000,user,"origin-within-session, session-within-user, equal-user mean"
0.17.0,0.12.0,1,outdoor_cycling,joint_user_sport__outdoor_cycling,history_informed,300,0.9,True,0.46224212646484375,0.8545650243759155,0.8234276077770567,0.8784461608374273,0.045434975624084495,0.02155383916257271,0.07657239222294326,40.323631286621094,38.74756886804259,42.02044108749984,77,6097,37856,False,10000,user,"origin-within-session, session-within-user, equal-user mean"
0.17.0,0.12.0,1,outdoor_cycling,joint_user_sport__outdoor_cycling,zero_history,60,0.9,True,0.5812530517578125,0.841650128364563,0.8251880215553494,0.8587338078331637,0.058349871635437034,0.04126619216683631,0.07481197844465064,28.784635543823242,27.411900544166567,30.202877074093013,77,6097,37856,False,10000,user,"origin-within-session, session-within-user, equal-user mean"
0.17.0,0.12.0,1,outdoor_cycling,joint_user_sport__outdoor_cycling,zero_history,180,0.9,True,0.4375,0.8471721410751343,0.830169809658032,0.8631460080673169,0.052827858924865745,0.03685399193268315,0.06983019034196801,35.28388977050781,33.815911343809844,36.77534391725218,77,6097,37856,False,10000,user,"origin-within-session, session-within-user, equal-user mean"
0.17.0,0.12.0,1,outdoor_cycling,joint_user_sport__outdoor_cycling,zero_history,300,0.9,True,0.5260467529296875,0.833279013633728,0.8031600824037155,0.8572811948401587,0.066720986366272,0.04271880515984129,0.09683991759628446,37.9077033996582,36.44147181944414,39.450861886259794,77,6097,37856,False,10000,user,"origin-within-session, session-within-user, equal-user mean"
0.17.0,0.12.0,2,indoor_virtual_cycling,unseen_sport__indoor_virtual_cycling,history_informed,60,0.9,True,0.0539093017578125,0.9045458436012268,0.8802537189828137,0.9251793331135127,0.0045458436012267844,0.00042741938162650655,0.026471457491486765,26.804264068603516,25.118917853953473,28.612806746313126,118,1571,11591,False,10000,user,"origin-within-session, session-within-user, equal-user mean"
0.17.0,0.12.0,2,indoor_virtual_cycling,unseen_sport__indoor_virtual_cycling,history_informed,180,0.9,True,0.0,0.9107658863067627,0.8946299607344603,0.9266758892495753,0.010765886306762673,0.0006756524918442392,0.026675889249575275,37.2252311706543,35.51450936713461,38.994079201908434,118,1571,11591,False,10000,user,"origin-within-session, session-within-user, equal-user mean"
0.17.0,0.12.0,2,indoor_virtual_cycling,unseen_sport__indoor_virtual_cycling,history_informed,300,0.9,True,0.0,0.9243602156639099,0.9106644008245509,0.9375868215399273,0.02436021566390989,0.010664400824550854,0.0375868215399273,41.71060562133789,40.02942849862373,43.501364861100406,118,1571,11591,False,10000,user,"origin-within-session, session-within-user, equal-user mean"
0.17.0,0.12.0,2,indoor_virtual_cycling,unseen_sport__indoor_virtual_cycling,zero_history,60,0.9,True,0.015625,0.8906933665275574,0.866044405506829,0.9122170776760175,0.00930663347244265,0.0004567134430852827,0.033955594493170975,24.565269470214844,22.942866992142243,26.302867044230638,118,1571,11591,False,10000,user,"origin-within-session, session-within-user, equal-user mean"
0.17.0,0.12.0,2,indoor_virtual_cycling,unseen_sport__indoor_virtual_cycling,zero_history,180,0.9,True,0.0,0.888434648513794,0.8706816766600488,0.9053356864315979,0.011565351486206077,0.00060211777434514,0.02931832333995125,32.97865676879883,31.392921148316336,34.7540121777583,118,1571,11591,False,10000,user,"origin-within-session, session-within-user, equal-user mean"
0.17.0,0.12.0,2,indoor_virtual_cycling,unseen_sport__indoor_virtual_cycling,zero_history,300,0.9,True,0.0,0.8925451636314392,0.8701829027573941,0.9120535111528332,0.007454836368560813,0.0003581236100803242,0.029817097242605933,36.873817443847656,35.23700635796886,38.53135318877333,118,1571,11591,False,10000,user,"origin-within-session, session-within-user, equal-user mean"
0.17.0,0.12.0,2,indoor_virtual_cycling,joint_user_sport__indoor_virtual_cycling,history_informed,60,0.9,True,0.0539093017578125,0.9081436991691589,0.8452736862831646,0.9578082826402452,0.008143699169158913,0.001066910194026122,0.06344797276788287,28.660091400146484,23.92624103228251,33.82563143836127,18,234,1523,True,10000,user,"origin-within-session, session-within-user, equal-user mean"
0.17.0,0.12.0,2,indoor_virtual_cycling,joint_user_sport__indoor_virtual_cycling,history_informed,180,0.9,True,0.0,0.8659237623214722,0.7457769318587251,0.9440912521547741,0.034076237678527854,0.0021323054697778457,0.15422306814127498,39.01057434082031,34.32808289792803,44.148765185144214,18,234,1523,True,10000,user,"origin-within-session, session-within-user, equal-user mean"
0.17.0,0.12.0,2,indoor_virtual_cycling,joint_user_sport__indoor_virtual_cycling,history_informed,300,0.9,True,0.0,0.9079867601394653,0.8680386200547219,0.9456368664900462,0.00798676013946531,0.0007781350447072622,0.047072080191638756,43.35966110229492,38.618948539098106,48.2988902621799,18,234,1523,True,10000,user,"origin-within-session, session-within-user, equal-user mean"
0.17.0,0.12.0,2,indoor_virtual_cycling,joint_user_sport__indoor_virtual_cycling,zero_history,60,0.9,True,0.015625,0.90092533826828,0.83830725931459,0.9508458842833837,0.0009253382682800071,0.0009577121171686604,0.06409924531976385,26.535526275634766,21.929339936044478,31.649162369304232,18,234,1523,True,10000,user,"origin-within-session, session-within-user, equal-user mean"
0.17.0,0.12.0,2,indoor_virtual_cycling,joint_user_sport__indoor_virtual_cycling,zero_history,180,0.9,True,0.0,0.8303503394126892,0.7128361250791284,0.9145709379679627,0.06964966058731081,0.0026437081727716557,0.1871638749208715,35.00212097167969,30.48208431667752,39.98571130434672,18,234,1523,True,10000,user,"origin-within-session, session-within-user, equal-user mean"
0.17.0,0.12.0,2,indoor_virtual_cycling,joint_user_sport__indoor_virtual_cycling,zero_history,300,0.9,True,0.0,0.8198983073234558,0.6837292816903856,0.9230421025719907,0.08010169267654421,0.0035118527379301187,0.2162707183096144,38.817222595214844,34.46885140207079,43.749330464998884,18,234,1523,True,10000,user,"origin-within-session, session-within-user, equal-user mean"
0.17.0,0.12.0,3,running,unseen_sport__running,history_informed,60,0.9,True,0.21375274658203125,0.9289463758468628,0.923528323116313,0.9339464663993566,0.02894637584686277,0.02352832311631308,0.03394646639935665,26.03401756286621,25.46568571392979,26.62142414184553,448,44652,308648,False,10000,user,"origin-within-session, session-within-user, equal-user mean"
0.17.0,0.12.0,3,running,unseen_sport__running,history_informed,180,0.9,True,0.4583282470703125,0.9269072413444519,0.9211677985731512,0.9323320123732888,0.026907241344451882,0.021167798573151257,0.0323320123732888,34.972877502441406,34.35545395059245,35.59238588458725,448,44652,308648,False,10000,user,"origin-within-session, session-within-user, equal-user mean"
0.17.0,0.12.0,3,running,unseen_sport__running,history_informed,300,0.9,True,0.234375,0.9163184762001038,0.9096062332757615,0.9227389775748763,0.016318476200103738,0.009606233275761494,0.022738977574876352,38.315250396728516,37.66408581967865,38.959299992876396,448,44652,308648,False,10000,user,"origin-within-session, session-within-user, equal-user mean"
0.17.0,0.12.0,3,running,unseen_sport__running,zero_history,60,0.9,True,0.36328125,0.9343012571334839,0.9295667302961063,0.9387566736067778,0.034301257133483865,0.029566730296106188,0.03875667360677779,25.93698501586914,25.430207465376174,26.462050885547484,448,44652,308648,False,10000,user,"origin-within-session, session-within-user, equal-user mean"
0.17.0,0.12.0,3,running,unseen_sport__running,zero_history,180,0.9,True,0.6015625,0.9318246841430664,0.9268140360546697,0.9366646832620192,0.031824684143066384,0.026814036054669678,0.036664683262019264,35.10947799682617,34.611218168373625,35.63477549361331,448,44652,308648,False,10000,user,"origin-within-session, session-within-user, equal-user mean"
0.17.0,0.12.0,3,running,unseen_sport__running,zero_history,300,0.9,True,0.4324798583984375,0.9239493608474731,0.9181059764498579,0.9294411507801019,0.023949360847473122,0.01810597644985786,0.029441150780101902,38.64389419555664,38.14248448195202,39.14781480154821,448,44652,308648,False,10000,user,"origin-within-session, session-within-user, equal-user mean"
0.17.0,0.12.0,3,running,joint_user_sport__running,history_informed,60,0.9,True,0.21375274658203125,0.9300644397735596,0.9142798085273667,0.9433909493244507,0.030064439773559548,0.014279808527366631,0.04339094932445068,25.850664138793945,24.461639189720152,27.367227562178265,88,8431,60542,False,10000,user,"origin-within-session, session-within-user, equal-user mean"
0.17.0,0.12.0,3,running,joint_user_sport__running,history_informed,180,0.9,True,0.4583282470703125,0.9339258670806885,0.9194814973764799,0.946875114095482,0.033925867080688454,0.019481497376479816,0.0468751140954819,34.68675994873047,33.20808311755007,36.23117648904974,88,8431,60542,False,10000,user,"origin-within-session, session-within-user, equal-user mean"
0.17.0,0.12.0,3,running,joint_user_sport__running,history_informed,300,0.9,True,0.234375,0.9253992438316345,0.909470420838757,0.9391515844078226,0.0253992438316345,0.009470420838756934,0.03915158440782262,38.006412506103516,36.49835286194628,39.58059697909788,88,8431,60542,False,10000,user,"origin-within-session, session-within-user, equal-user mean"
0.17.0,0.12.0,3,running,joint_user_sport__running,zero_history,60,0.9,True,0.36328125,0.9395828247070312,0.9296245972033251,0.9487396178259091,0.03958282470703123,0.02962459720332511,0.04873961782590902,25.705366134643555,24.443287777358837,27.15470297065648,88,8431,60542,False,10000,user,"origin-within-session, session-within-user, equal-user mean"
0.17.0,0.12.0,3,running,joint_user_sport__running,zero_history,180,0.9,True,0.6015625,0.9374138116836548,0.9242130430415273,0.9481727261773565,0.03741381168365476,0.02421304304152723,0.04817272617735645,34.65805435180664,33.43320996436206,36.03153136535124,88,8431,60542,False,10000,user,"origin-within-session, session-within-user, equal-user mean"
0.17.0,0.12.0,3,running,joint_user_sport__running,zero_history,300,0.9,True,0.4324798583984375,0.9310999512672424,0.9170971271497281,0.9431237167086113,0.03109995126724241,0.01709712714972815,0.04312371670861129,38.115352630615234,36.91025447845459,39.381685230406845,88,8431,60542,False,10000,user,"origin-within-session, session-within-user, equal-user mean"
0.17.0,0.12.0,4,walking_hiking,unseen_sport__walking_hiking,history_informed,60,0.9,True,0.0,0.9469316005706787,0.9319078208982117,0.9601754063636893,0.04693160057067869,0.031907820898211606,0.06017540636368923,30.37043571472168,29.10630681282944,31.66937793691953,144,2063,10149,False,10000,user,"origin-within-session, session-within-user, equal-user mean"
0.17.0,0.12.0,4,walking_hiking,unseen_sport__walking_hiking,history_informed,180,0.9,True,0.0,0.9427589774131775,0.925613731932309,0.9581738455117577,0.04275897741317747,0.025613731932308943,0.05817384551175764,41.09088134765625,39.622509032156735,42.54970659845405,144,2063,10149,False,10000,user,"origin-within-session, session-within-user, equal-user mean"
0.17.0,0.12.0,4,walking_hiking,unseen_sport__walking_hiking,history_informed,300,0.9,True,0.0,0.9481239318847656,0.9236830067199966,0.9678569924500253,0.0481239318847656,0.02368300671999652,0.06785699245002533,46.703529357910156,45.12650012572607,48.2648301180866,144,2063,10149,False,10000,user,"origin-within-session, session-within-user, equal-user mean"
0.17.0,0.12.0,4,walking_hiking,unseen_sport__walking_hiking,zero_history,60,0.9,True,0.0,0.929535984992981,0.9088160926579602,0.9466625360047652,0.029535984992980935,0.008834890390021947,0.04666253600476519,28.68173599243164,27.47367995844947,29.925205834706624,144,2063,10149,False,10000,user,"origin-within-session, session-within-user, equal-user mean"
0.17.0,0.12.0,4,walking_hiking,unseen_sport__walking_hiking,zero_history,180,0.9,True,0.0,0.9209216237068176,0.8975988348635534,0.9418353730605709,0.020921623706817605,0.0019642466989655827,0.04183537306057084,38.21678161621094,36.865941709280015,39.61918166743384,144,2063,10149,False,10000,user,"origin-within-session, session-within-user, equal-user mean"
0.17.0,0.12.0,4,walking_hiking,unseen_sport__walking_hiking,zero_history,300,0.9,True,0.0,0.9171731472015381,0.8874956858447857,0.9419112126239472,0.017173147201538064,0.000995819405135112,0.04194320378204186,43.494266510009766,42.06068076325787,44.94822017351786,144,2063,10149,False,10000,user,"origin-within-session, session-within-user, equal-user mean"
0.17.0,0.12.0,4,walking_hiking,joint_user_sport__walking_hiking,history_informed,60,0.9,True,0.0,0.9369328022003174,0.8670567132140461,0.9814227859440603,0.03693280220031736,0.0021270312133587627,0.08153030480209146,30.120590209960938,26.063368162355925,34.30873344822934,19,96,428,True,10000,user,"origin-within-session, session-within-user, equal-user mean"
0.17.0,0.12.0,4,walking_hiking,joint_user_sport__walking_hiking,history_informed,180,0.9,True,0.0,0.9224066734313965,0.8710410605919988,0.9631823451111191,0.022406673431396462,0.0013505985234912588,0.06346822035940064,39.98275375366211,35.56414451850088,44.54006272617139,19,96,428,True,10000,user,"origin-within-session, session-within-user, equal-user mean"
0.17.0,0.12.0,4,walking_hiking,joint_user_sport__walking_hiking,history_informed,300,0.9,True,0.0,0.9361120462417603,0.903606021717975,0.9674256121641711,0.03611204624176023,0.005193721150097078,0.06742561216417105,45.14142608642578,40.72652347464311,49.51335369913202,19,96,428,True,10000,user,"origin-within-session, session-within-user, equal-user mean"
0.17.0,0.12.0,4,walking_hiking,joint_user_sport__walking_hiking,zero_history,60,0.9,True,0.0,0.926577091217041,0.8555700011159245,0.9734088213820207,0.026577091217040993,0.001462771406299135,0.07447163170889805,29.194997787475586,25.307266064694055,33.10839088088587,19,96,428,True,10000,user,"origin-within-session, session-within-user, equal-user mean"
0.17.0,0.12.0,4,walking_hiking,joint_user_sport__walking_hiking,zero_history,180,0.9,True,0.0,0.9148879051208496,0.8607455292814656,0.9587684463513525,0.014887905120849587,0.0010825753211974876,0.06023252386795838,38.7047233581543,34.559527618006655,42.909546470642084,19,96,428,True,10000,user,"origin-within-session, session-within-user, equal-user mean"
0.17.0,0.12.0,4,walking_hiking,joint_user_sport__walking_hiking,zero_history,300,0.9,True,0.0,0.9272148013114929,0.8897085170996816,0.9615970704116319,0.027214801311492898,0.001668995148257213,0.06159707041163187,43.86670684814453,39.73181555898566,47.9124198762994,19,96,428,True,10000,user,"origin-within-session, session-within-user, equal-user mean"
0.17.0,0.12.0,7,strength_cross_training,unseen_sport__strength_cross_training,history_informed,60,0.9,True,0.046875,0.8681238889694214,0.8297461931716721,0.9022022729071806,0.031876111030578635,0.002658195863917157,0.07025380682832795,35.72121810913086,33.18400863139135,38.264985002436724,106,587,3189,False,10000,user,"origin-within-session, session-within-user, equal-user mean"
0.17.0,0.12.0,7,strength_cross_training,unseen_sport__strength_cross_training,history_informed,180,0.9,True,0.0833282470703125,0.8854164481163025,0.8465054537327784,0.9193660904987241,0.014583551883697532,0.0007138643807397872,0.0534945462672216,45.04214859008789,42.2278227192051,47.78507610244571,106,587,3189,False,10000,user,"origin-within-session, session-within-user, equal-user mean"
0.17.0,0.12.0,7,strength_cross_training,unseen_sport__strength_cross_training,history_informed,300,0.9,True,0.0859375,0.8747013211250305,0.8309239345620263,0.9141191349558111,0.025298678874969505,0.0013088481423427169,0.06907606543797368,48.79738235473633,45.9491217019423,51.53198662344015,106,587,3189,False,10000,user,"origin-within-session, session-within-user, equal-user mean"
0.17.0,0.12.0,7,strength_cross_training,unseen_sport__strength_cross_training,zero_history,60,0.9,True,0.2421875,0.8686676025390625,0.8355828833889287,0.90024711645015,0.03133239746093752,0.0029343902924150876,0.0644171166110713,34.814414978027344,32.34903143351933,37.40045179016185,106,587,3189,False,10000,user,"origin-within-session, session-within-user, equal-user mean"
0.17.0,0.12.0,7,strength_cross_training,unseen_sport__strength_cross_training,zero_history,180,0.9,True,0.21875,0.8812276124954224,0.845958242867634,0.9128860459223671,0.01877238750457766,0.0009869547385089829,0.054041757132366,42.4261589050293,39.7513562661297,45.10475934496466,106,587,3189,False,10000,user,"origin-within-session, session-within-user, equal-user mean"
0.17.0,0.12.0,7,strength_cross_training,unseen_sport__strength_cross_training,zero_history,300,0.9,True,0.1484375,0.8479020595550537,0.8001154136193811,0.8903230664373006,0.05209794044494631,0.010225109952800715,0.09988458638061894,45.449920654296875,42.73163774868227,48.16364782576291,106,587,3189,False,10000,user,"origin-within-session, session-within-user, equal-user mean"
0.17.0,0.12.0,7,strength_cross_training,joint_user_sport__strength_cross_training,history_informed,60,0.9,True,0.046875,0.9256046414375305,0.8857029262185097,0.9625895505398512,0.025604641437530495,0.0015496966242790873,0.06258955053985119,35.62459945678711,29.9108127117157,41.70481145858765,20,112,503,True,10000,user,"origin-within-session, session-within-user, equal-user mean"
0.17.0,0.12.0,7,strength_cross_training,joint_user_sport__strength_cross_training,history_informed,180,0.9,True,0.0833282470703125,0.8843048214912415,0.7777895716577768,0.9566266628354788,0.015695178508758567,0.0016283550858497394,0.12221042834222304,45.09710693359375,38.63621067285538,51.78291636228562,20,112,503,True,10000,user,"origin-within-session, session-within-user, equal-user mean"
0.17.0,0.12.0,7,strength_cross_training,joint_user_sport__strength_cross_training,history_informed,300,0.9,True,0.0859375,0.8577166795730591,0.7508922383934259,0.9326611678302288,0.04228332042694094,0.0016665141284465809,0.1491077616065741,48.87946319580078,42.489128460884096,55.6611900138855,20,112,503,True,10000,user,"origin-within-session, session-within-user, equal-user mean"
0.17.0,0.12.0,7,strength_cross_training,joint_user_sport__strength_cross_training,zero_history,60,0.9,True,0.2421875,0.9133656620979309,0.8742302045226097,0.9491378958523274,0.013365662097930886,0.000875580608844756,0.049383754134178136,35.28190231323242,29.27563530445099,41.44042238712311,20,112,503,True,10000,user,"origin-within-session, session-within-user, equal-user mean"
0.17.0,0.12.0,7,strength_cross_training,joint_user_sport__strength_cross_training,zero_history,180,0.9,True,0.21875,0.8589242100715637,0.7488496389240026,0.9353092953562736,0.0410757899284363,0.0015768647193908913,0.15115036107599739,43.43585968017578,36.895409302711485,50.098707435131075,20,112,503,True,10000,user,"origin-within-session, session-within-user, equal-user mean"
0.17.0,0.12.0,7,strength_cross_training,joint_user_sport__strength_cross_training,zero_history,300,0.9,True,0.1484375,0.8447089195251465,0.7342903082817792,0.9253774382174015,0.05529108047485354,0.002137719616293887,0.16570969171822075,46.60579299926758,40.03082711458206,53.277296669483185,20,112,503,True,10000,user,"origin-within-session, session-within-user, equal-user mean"
