seed,protocol,evaluation,horizon_seconds,contrast,definition,mixed_history_mae_bpm,mixed_zero_mae_bpm,independent_zero_mae_bpm,difference_bpm,negative_favors_left,users,sessions,origins,aggregation,row_index_sha256,user_support_sha256
20260722,strict_temporal,internal_test,60,mixed_history_minus_independent_zero,mixed history-informed minus independently trained zero-history,6.011027069682615,6.055653671271483,6.0674019172432745,-0.05637484756065951,True,948,16012,104144,"origin-within-session, session-within-user, equal-user mean",4d0a7239283fe1441d5b793f5c83cc347af692967c403bc2fda92f0bbd9ca737,5fe297c6daaa20fb6f330a616362d5e6b8af5864196baeb18b501366fe243592
20260723,strict_temporal,internal_test,60,mixed_history_minus_independent_zero,mixed history-informed minus independently trained zero-history,6.011828064290871,6.0701767271227105,6.067023039007729,-0.05519497471684703,True,948,16012,104144,"origin-within-session, session-within-user, equal-user mean",4d0a7239283fe1441d5b793f5c83cc347af692967c403bc2fda92f0bbd9ca737,5fe297c6daaa20fb6f330a616362d5e6b8af5864196baeb18b501366fe243592
20260724,strict_temporal,internal_test,60,mixed_history_minus_independent_zero,mixed history-informed minus independently trained zero-history,6.035853193073163,6.084411608078549,6.0777849741277254,-0.0419317810545648,True,948,16012,104144,"origin-within-session, session-within-user, equal-user mean",4d0a7239283fe1441d5b793f5c83cc347af692967c403bc2fda92f0bbd9ca737,5fe297c6daaa20fb6f330a616362d5e6b8af5864196baeb18b501366fe243592
20260725,strict_temporal,internal_test,60,mixed_history_minus_independent_zero,mixed history-informed minus independently trained zero-history,6.057161722236351,6.1056434988517525,6.075121835137543,-0.017960112901185037,True,948,16012,104144,"origin-within-session, session-within-user, equal-user mean",4d0a7239283fe1441d5b793f5c83cc347af692967c403bc2fda92f0bbd9ca737,5fe297c6daaa20fb6f330a616362d5e6b8af5864196baeb18b501366fe243592
20260726,strict_temporal,internal_test,60,mixed_history_minus_independent_zero,mixed history-informed minus independently trained zero-history,6.003769672045023,6.044444229857338,6.053689135342814,-0.0499194632977792,True,948,16012,104144,"origin-within-session, session-within-user, equal-user mean",4d0a7239283fe1441d5b793f5c83cc347af692967c403bc2fda92f0bbd9ca737,5fe297c6daaa20fb6f330a616362d5e6b8af5864196baeb18b501366fe243592
20260722,strict_temporal,internal_test,60,mixed_history_minus_mixed_zero,mixed history-informed minus mixed forced-zero-history,6.011027069682615,6.055653671271483,6.0674019172432745,-0.04462660158885315,True,948,16012,104144,"origin-within-session, session-within-user, equal-user mean",4d0a7239283fe1441d5b793f5c83cc347af692967c403bc2fda92f0bbd9ca737,5fe297c6daaa20fb6f330a616362d5e6b8af5864196baeb18b501366fe243592
20260723,strict_temporal,internal_test,60,mixed_history_minus_mixed_zero,mixed history-informed minus mixed forced-zero-history,6.011828064290871,6.0701767271227105,6.067023039007729,-0.05834866283182787,True,948,16012,104144,"origin-within-session, session-within-user, equal-user mean",4d0a7239283fe1441d5b793f5c83cc347af692967c403bc2fda92f0bbd9ca737,5fe297c6daaa20fb6f330a616362d5e6b8af5864196baeb18b501366fe243592
20260724,strict_temporal,internal_test,60,mixed_history_minus_mixed_zero,mixed history-informed minus mixed forced-zero-history,6.035853193073163,6.084411608078549,6.0777849741277254,-0.048558415005388864,True,948,16012,104144,"origin-within-session, session-within-user, equal-user mean",4d0a7239283fe1441d5b793f5c83cc347af692967c403bc2fda92f0bbd9ca737,5fe297c6daaa20fb6f330a616362d5e6b8af5864196baeb18b501366fe243592
20260725,strict_temporal,internal_test,60,mixed_history_minus_mixed_zero,mixed history-informed minus mixed forced-zero-history,6.057161722236351,6.1056434988517525,6.075121835137543,-0.04848177661539265,True,948,16012,104144,"origin-within-session, session-within-user, equal-user mean",4d0a7239283fe1441d5b793f5c83cc347af692967c403bc2fda92f0bbd9ca737,5fe297c6daaa20fb6f330a616362d5e6b8af5864196baeb18b501366fe243592
20260726,strict_temporal,internal_test,60,mixed_history_minus_mixed_zero,mixed history-informed minus mixed forced-zero-history,6.003769672045023,6.044444229857338,6.053689135342814,-0.04067455781230617,True,948,16012,104144,"origin-within-session, session-within-user, equal-user mean",4d0a7239283fe1441d5b793f5c83cc347af692967c403bc2fda92f0bbd9ca737,5fe297c6daaa20fb6f330a616362d5e6b8af5864196baeb18b501366fe243592
20260722,strict_temporal,internal_test,60,mixed_zero_minus_independent_zero,mixed forced-zero-history minus independently trained zero-history,6.011027069682615,6.055653671271483,6.0674019172432745,-0.011748245971806364,True,948,16012,104144,"origin-within-session, session-within-user, equal-user mean",4d0a7239283fe1441d5b793f5c83cc347af692967c403bc2fda92f0bbd9ca737,5fe297c6daaa20fb6f330a616362d5e6b8af5864196baeb18b501366fe243592
20260723,strict_temporal,internal_test,60,mixed_zero_minus_independent_zero,mixed forced-zero-history minus independently trained zero-history,6.011828064290871,6.0701767271227105,6.067023039007729,0.003153688114980855,True,948,16012,104144,"origin-within-session, session-within-user, equal-user mean",4d0a7239283fe1441d5b793f5c83cc347af692967c403bc2fda92f0bbd9ca737,5fe297c6daaa20fb6f330a616362d5e6b8af5864196baeb18b501366fe243592
20260724,strict_temporal,internal_test,60,mixed_zero_minus_independent_zero,mixed forced-zero-history minus independently trained zero-history,6.035853193073163,6.084411608078549,6.0777849741277254,0.006626633950824058,True,948,16012,104144,"origin-within-session, session-within-user, equal-user mean",4d0a7239283fe1441d5b793f5c83cc347af692967c403bc2fda92f0bbd9ca737,5fe297c6daaa20fb6f330a616362d5e6b8af5864196baeb18b501366fe243592
20260725,strict_temporal,internal_test,60,mixed_zero_minus_independent_zero,mixed forced-zero-history minus independently trained zero-history,6.057161722236351,6.1056434988517525,6.075121835137543,0.030521663714207618,True,948,16012,104144,"origin-within-session, session-within-user, equal-user mean",4d0a7239283fe1441d5b793f5c83cc347af692967c403bc2fda92f0bbd9ca737,5fe297c6daaa20fb6f330a616362d5e6b8af5864196baeb18b501366fe243592
20260726,strict_temporal,internal_test,60,mixed_zero_minus_independent_zero,mixed forced-zero-history minus independently trained zero-history,6.003769672045023,6.044444229857338,6.053689135342814,-0.009244905485473036,True,948,16012,104144,"origin-within-session, session-within-user, equal-user mean",4d0a7239283fe1441d5b793f5c83cc347af692967c403bc2fda92f0bbd9ca737,5fe297c6daaa20fb6f330a616362d5e6b8af5864196baeb18b501366fe243592
20260722,strict_temporal,internal_test,180,mixed_history_minus_independent_zero,mixed history-informed minus independently trained zero-history,7.555811528250109,7.6499255764759075,7.61193582255565,-0.05612429430554044,True,948,16012,104144,"origin-within-session, session-within-user, equal-user mean",4d0a7239283fe1441d5b793f5c83cc347af692967c403bc2fda92f0bbd9ca737,5fe297c6daaa20fb6f330a616362d5e6b8af5864196baeb18b501366fe243592
20260723,strict_temporal,internal_test,180,mixed_history_minus_independent_zero,mixed history-informed minus independently trained zero-history,7.547680816212329,7.655842523808752,7.6316056674968955,-0.08392485128457526,True,948,16012,104144,"origin-within-session, session-within-user, equal-user mean",4d0a7239283fe1441d5b793f5c83cc347af692967c403bc2fda92f0bbd9ca737,5fe297c6daaa20fb6f330a616362d5e6b8af5864196baeb18b501366fe243592
20260724,strict_temporal,internal_test,180,mixed_history_minus_independent_zero,mixed history-informed minus independently trained zero-history,7.561564426446922,7.64991335390254,7.631506070234501,-0.06994164378758308,True,948,16012,104144,"origin-within-session, session-within-user, equal-user mean",4d0a7239283fe1441d5b793f5c83cc347af692967c403bc2fda92f0bbd9ca737,5fe297c6daaa20fb6f330a616362d5e6b8af5864196baeb18b501366fe243592
20260725,strict_temporal,internal_test,180,mixed_history_minus_independent_zero,mixed history-informed minus independently trained zero-history,7.562630955165409,7.652718680105228,7.617408494914608,-0.05477753974920362,True,948,16012,104144,"origin-within-session, session-within-user, equal-user mean",4d0a7239283fe1441d5b793f5c83cc347af692967c403bc2fda92f0bbd9ca737,5fe297c6daaa20fb6f330a616362d5e6b8af5864196baeb18b501366fe243592
20260726,strict_temporal,internal_test,180,mixed_history_minus_independent_zero,mixed history-informed minus independently trained zero-history,7.556801175293229,7.644672966560962,7.606478998418353,-0.049677823125117,True,948,16012,104144,"origin-within-session, session-within-user, equal-user mean",4d0a7239283fe1441d5b793f5c83cc347af692967c403bc2fda92f0bbd9ca737,5fe297c6daaa20fb6f330a616362d5e6b8af5864196baeb18b501366fe243592
20260722,strict_temporal,internal_test,180,mixed_history_minus_mixed_zero,mixed history-informed minus mixed forced-zero-history,7.555811528250109,7.6499255764759075,7.61193582255565,-0.09411404822580442,True,948,16012,104144,"origin-within-session, session-within-user, equal-user mean",4d0a7239283fe1441d5b793f5c83cc347af692967c403bc2fda92f0bbd9ca737,5fe297c6daaa20fb6f330a616362d5e6b8af5864196baeb18b501366fe243592
20260723,strict_temporal,internal_test,180,mixed_history_minus_mixed_zero,mixed history-informed minus mixed forced-zero-history,7.547680816212329,7.655842523808752,7.6316056674968955,-0.10816170759642879,True,948,16012,104144,"origin-within-session, session-within-user, equal-user mean",4d0a7239283fe1441d5b793f5c83cc347af692967c403bc2fda92f0bbd9ca737,5fe297c6daaa20fb6f330a616362d5e6b8af5864196baeb18b501366fe243592
20260724,strict_temporal,internal_test,180,mixed_history_minus_mixed_zero,mixed history-informed minus mixed forced-zero-history,7.561564426446922,7.64991335390254,7.631506070234501,-0.08834892745561958,True,948,16012,104144,"origin-within-session, session-within-user, equal-user mean",4d0a7239283fe1441d5b793f5c83cc347af692967c403bc2fda92f0bbd9ca737,5fe297c6daaa20fb6f330a616362d5e6b8af5864196baeb18b501366fe243592
20260725,strict_temporal,internal_test,180,mixed_history_minus_mixed_zero,mixed history-informed minus mixed forced-zero-history,7.562630955165409,7.652718680105228,7.617408494914608,-0.09008772493983049,True,948,16012,104144,"origin-within-session, session-within-user, equal-user mean",4d0a7239283fe1441d5b793f5c83cc347af692967c403bc2fda92f0bbd9ca737,5fe297c6daaa20fb6f330a616362d5e6b8af5864196baeb18b501366fe243592
20260726,strict_temporal,internal_test,180,mixed_history_minus_mixed_zero,mixed history-informed minus mixed forced-zero-history,7.556801175293229,7.644672966560962,7.606478998418353,-0.08787179126772209,True,948,16012,104144,"origin-within-session, session-within-user, equal-user mean",4d0a7239283fe1441d5b793f5c83cc347af692967c403bc2fda92f0bbd9ca737,5fe297c6daaa20fb6f330a616362d5e6b8af5864196baeb18b501366fe243592
20260722,strict_temporal,internal_test,180,mixed_zero_minus_independent_zero,mixed forced-zero-history minus independently trained zero-history,7.555811528250109,7.6499255764759075,7.61193582255565,0.037989753920263984,True,948,16012,104144,"origin-within-session, session-within-user, equal-user mean",4d0a7239283fe1441d5b793f5c83cc347af692967c403bc2fda92f0bbd9ca737,5fe297c6daaa20fb6f330a616362d5e6b8af5864196baeb18b501366fe243592
20260723,strict_temporal,internal_test,180,mixed_zero_minus_independent_zero,mixed forced-zero-history minus independently trained zero-history,7.547680816212329,7.655842523808752,7.6316056674968955,0.02423685631185352,True,948,16012,104144,"origin-within-session, session-within-user, equal-user mean",4d0a7239283fe1441d5b793f5c83cc347af692967c403bc2fda92f0bbd9ca737,5fe297c6daaa20fb6f330a616362d5e6b8af5864196baeb18b501366fe243592
20260724,strict_temporal,internal_test,180,mixed_zero_minus_independent_zero,mixed forced-zero-history minus independently trained zero-history,7.561564426446922,7.64991335390254,7.631506070234501,0.018407283668036508,True,948,16012,104144,"origin-within-session, session-within-user, equal-user mean",4d0a7239283fe1441d5b793f5c83cc347af692967c403bc2fda92f0bbd9ca737,5fe297c6daaa20fb6f330a616362d5e6b8af5864196baeb18b501366fe243592
20260725,strict_temporal,internal_test,180,mixed_zero_minus_independent_zero,mixed forced-zero-history minus independently trained zero-history,7.562630955165409,7.652718680105228,7.617408494914608,0.03531018519062687,True,948,16012,104144,"origin-within-session, session-within-user, equal-user mean",4d0a7239283fe1441d5b793f5c83cc347af692967c403bc2fda92f0bbd9ca737,5fe297c6daaa20fb6f330a616362d5e6b8af5864196baeb18b501366fe243592
20260726,strict_temporal,internal_test,180,mixed_zero_minus_independent_zero,mixed forced-zero-history minus independently trained zero-history,7.556801175293229,7.644672966560962,7.606478998418353,0.03819396814260509,True,948,16012,104144,"origin-within-session, session-within-user, equal-user mean",4d0a7239283fe1441d5b793f5c83cc347af692967c403bc2fda92f0bbd9ca737,5fe297c6daaa20fb6f330a616362d5e6b8af5864196baeb18b501366fe243592
20260722,strict_temporal,internal_test,300,mixed_history_minus_independent_zero,mixed history-informed minus independently trained zero-history,8.245007894389452,8.365703152070228,8.320712716882026,-0.07570482249257429,True,948,16012,104144,"origin-within-session, session-within-user, equal-user mean",4d0a7239283fe1441d5b793f5c83cc347af692967c403bc2fda92f0bbd9ca737,5fe297c6daaa20fb6f330a616362d5e6b8af5864196baeb18b501366fe243592
20260723,strict_temporal,internal_test,300,mixed_history_minus_independent_zero,mixed history-informed minus independently trained zero-history,8.239315397779519,8.358435584878402,8.332129863286253,-0.09281446550675157,True,948,16012,104144,"origin-within-session, session-within-user, equal-user mean",4d0a7239283fe1441d5b793f5c83cc347af692967c403bc2fda92f0bbd9ca737,5fe297c6daaa20fb6f330a616362d5e6b8af5864196baeb18b501366fe243592
20260724,strict_temporal,internal_test,300,mixed_history_minus_independent_zero,mixed history-informed minus independently trained zero-history,8.260446607256203,8.363932465058847,8.335265285340181,-0.07481867808397902,True,948,16012,104144,"origin-within-session, session-within-user, equal-user mean",4d0a7239283fe1441d5b793f5c83cc347af692967c403bc2fda92f0bbd9ca737,5fe297c6daaa20fb6f330a616362d5e6b8af5864196baeb18b501366fe243592
20260725,strict_temporal,internal_test,300,mixed_history_minus_independent_zero,mixed history-informed minus independently trained zero-history,8.267219787274016,8.378640624146565,8.329279732505558,-0.06205994523154944,True,948,16012,104144,"origin-within-session, session-within-user, equal-user mean",4d0a7239283fe1441d5b793f5c83cc347af692967c403bc2fda92f0bbd9ca737,5fe297c6daaa20fb6f330a616362d5e6b8af5864196baeb18b501366fe243592
20260726,strict_temporal,internal_test,300,mixed_history_minus_independent_zero,mixed history-informed minus independently trained zero-history,8.24481495513656,8.354556956830015,8.332703907173554,-0.08788895203699618,True,948,16012,104144,"origin-within-session, session-within-user, equal-user mean",4d0a7239283fe1441d5b793f5c83cc347af692967c403bc2fda92f0bbd9ca737,5fe297c6daaa20fb6f330a616362d5e6b8af5864196baeb18b501366fe243592
20260722,strict_temporal,internal_test,300,mixed_history_minus_mixed_zero,mixed history-informed minus mixed forced-zero-history,8.245007894389452,8.365703152070228,8.320712716882026,-0.12069525768076876,True,948,16012,104144,"origin-within-session, session-within-user, equal-user mean",4d0a7239283fe1441d5b793f5c83cc347af692967c403bc2fda92f0bbd9ca737,5fe297c6daaa20fb6f330a616362d5e6b8af5864196baeb18b501366fe243592
20260723,strict_temporal,internal_test,300,mixed_history_minus_mixed_zero,mixed history-informed minus mixed forced-zero-history,8.239315397779519,8.358435584878402,8.332129863286253,-0.11912018709889892,True,948,16012,104144,"origin-within-session, session-within-user, equal-user mean",4d0a7239283fe1441d5b793f5c83cc347af692967c403bc2fda92f0bbd9ca737,5fe297c6daaa20fb6f330a616362d5e6b8af5864196baeb18b501366fe243592
20260724,strict_temporal,internal_test,300,mixed_history_minus_mixed_zero,mixed history-informed minus mixed forced-zero-history,8.260446607256203,8.363932465058847,8.335265285340181,-0.10348585780264911,True,948,16012,104144,"origin-within-session, session-within-user, equal-user mean",4d0a7239283fe1441d5b793f5c83cc347af692967c403bc2fda92f0bbd9ca737,5fe297c6daaa20fb6f330a616362d5e6b8af5864196baeb18b501366fe243592
20260725,strict_temporal,internal_test,300,mixed_history_minus_mixed_zero,mixed history-informed minus mixed forced-zero-history,8.267219787274016,8.378640624146565,8.329279732505558,-0.11142083687254639,True,948,16012,104144,"origin-within-session, session-within-user, equal-user mean",4d0a7239283fe1441d5b793f5c83cc347af692967c403bc2fda92f0bbd9ca737,5fe297c6daaa20fb6f330a616362d5e6b8af5864196baeb18b501366fe243592
20260726,strict_temporal,internal_test,300,mixed_history_minus_mixed_zero,mixed history-informed minus mixed forced-zero-history,8.24481495513656,8.354556956830015,8.332703907173554,-0.10974200169344442,True,948,16012,104144,"origin-within-session, session-within-user, equal-user mean",4d0a7239283fe1441d5b793f5c83cc347af692967c403bc2fda92f0bbd9ca737,5fe297c6daaa20fb6f330a616362d5e6b8af5864196baeb18b501366fe243592
20260722,strict_temporal,internal_test,300,mixed_zero_minus_independent_zero,mixed forced-zero-history minus independently trained zero-history,8.245007894389452,8.365703152070228,8.320712716882026,0.044990435188194455,True,948,16012,104144,"origin-within-session, session-within-user, equal-user mean",4d0a7239283fe1441d5b793f5c83cc347af692967c403bc2fda92f0bbd9ca737,5fe297c6daaa20fb6f330a616362d5e6b8af5864196baeb18b501366fe243592
20260723,strict_temporal,internal_test,300,mixed_zero_minus_independent_zero,mixed forced-zero-history minus independently trained zero-history,8.239315397779519,8.358435584878402,8.332129863286253,0.02630572159214735,True,948,16012,104144,"origin-within-session, session-within-user, equal-user mean",4d0a7239283fe1441d5b793f5c83cc347af692967c403bc2fda92f0bbd9ca737,5fe297c6daaa20fb6f330a616362d5e6b8af5864196baeb18b501366fe243592
20260724,strict_temporal,internal_test,300,mixed_zero_minus_independent_zero,mixed forced-zero-history minus independently trained zero-history,8.260446607256203,8.363932465058847,8.335265285340181,0.028667179718670093,True,948,16012,104144,"origin-within-session, session-within-user, equal-user mean",4d0a7239283fe1441d5b793f5c83cc347af692967c403bc2fda92f0bbd9ca737,5fe297c6daaa20fb6f330a616362d5e6b8af5864196baeb18b501366fe243592
20260725,strict_temporal,internal_test,300,mixed_zero_minus_independent_zero,mixed forced-zero-history minus independently trained zero-history,8.267219787274016,8.378640624146565,8.329279732505558,0.04936089164099697,True,948,16012,104144,"origin-within-session, session-within-user, equal-user mean",4d0a7239283fe1441d5b793f5c83cc347af692967c403bc2fda92f0bbd9ca737,5fe297c6daaa20fb6f330a616362d5e6b8af5864196baeb18b501366fe243592
20260726,strict_temporal,internal_test,300,mixed_zero_minus_independent_zero,mixed forced-zero-history minus independently trained zero-history,8.24481495513656,8.354556956830015,8.332703907173554,0.021853049656448253,True,948,16012,104144,"origin-within-session, session-within-user, equal-user mean",4d0a7239283fe1441d5b793f5c83cc347af692967c403bc2fda92f0bbd9ca737,5fe297c6daaa20fb6f330a616362d5e6b8af5864196baeb18b501366fe243592
20260722,unseen_user,frozen_external,60,mixed_zero_minus_independent_zero,mixed forced-zero-history minus independently trained zero-history,,7.454541790026742,7.447693770210599,0.006848019816145082,True,144,31851,531725,"origin-within-session, session-within-user, equal-user mean",f9414ee5bfb3dcefff537a532b327a1603997659bab6018f3cdae8570a775f48,3d2f7e730e69ee8133b925478a62e4e661a61ee677896e413f471d35aa7c3ac5
20260723,unseen_user,frozen_external,60,mixed_zero_minus_independent_zero,mixed forced-zero-history minus independently trained zero-history,,7.46460042661565,7.48917068938796,-0.02457026277230769,True,144,31851,531725,"origin-within-session, session-within-user, equal-user mean",f9414ee5bfb3dcefff537a532b327a1603997659bab6018f3cdae8570a775f48,3d2f7e730e69ee8133b925478a62e4e661a61ee677896e413f471d35aa7c3ac5
20260724,unseen_user,frozen_external,60,mixed_zero_minus_independent_zero,mixed forced-zero-history minus independently trained zero-history,,7.426656228443008,7.468456378069247,-0.04180014962623756,True,144,31851,531725,"origin-within-session, session-within-user, equal-user mean",f9414ee5bfb3dcefff537a532b327a1603997659bab6018f3cdae8570a775f48,3d2f7e730e69ee8133b925478a62e4e661a61ee677896e413f471d35aa7c3ac5
20260725,unseen_user,frozen_external,60,mixed_zero_minus_independent_zero,mixed forced-zero-history minus independently trained zero-history,,7.470535533723622,7.461246632600803,0.009288901122818934,True,144,31851,531725,"origin-within-session, session-within-user, equal-user mean",f9414ee5bfb3dcefff537a532b327a1603997659bab6018f3cdae8570a775f48,3d2f7e730e69ee8133b925478a62e4e661a61ee677896e413f471d35aa7c3ac5
20260726,unseen_user,frozen_external,60,mixed_zero_minus_independent_zero,mixed forced-zero-history minus independently trained zero-history,,7.466635005605393,7.448263324045525,0.0183716815598647,True,144,31851,531725,"origin-within-session, session-within-user, equal-user mean",f9414ee5bfb3dcefff537a532b327a1603997659bab6018f3cdae8570a775f48,3d2f7e730e69ee8133b925478a62e4e661a61ee677896e413f471d35aa7c3ac5
20260722,unseen_user,frozen_external,180,mixed_zero_minus_independent_zero,mixed forced-zero-history minus independently trained zero-history,,10.2058126113789,10.21092310819541,-0.005110496816512976,True,144,31851,531725,"origin-within-session, session-within-user, equal-user mean",f9414ee5bfb3dcefff537a532b327a1603997659bab6018f3cdae8570a775f48,3d2f7e730e69ee8133b925478a62e4e661a61ee677896e413f471d35aa7c3ac5
20260723,unseen_user,frozen_external,180,mixed_zero_minus_independent_zero,mixed forced-zero-history minus independently trained zero-history,,10.212076868988657,10.249956035496108,-0.03787916650744585,True,144,31851,531725,"origin-within-session, session-within-user, equal-user mean",f9414ee5bfb3dcefff537a532b327a1603997659bab6018f3cdae8570a775f48,3d2f7e730e69ee8133b925478a62e4e661a61ee677896e413f471d35aa7c3ac5
20260724,unseen_user,frozen_external,180,mixed_zero_minus_independent_zero,mixed forced-zero-history minus independently trained zero-history,,10.197722726356119,10.218396629123657,-0.02067390276753523,True,144,31851,531725,"origin-within-session, session-within-user, equal-user mean",f9414ee5bfb3dcefff537a532b327a1603997659bab6018f3cdae8570a775f48,3d2f7e730e69ee8133b925478a62e4e661a61ee677896e413f471d35aa7c3ac5
20260725,unseen_user,frozen_external,180,mixed_zero_minus_independent_zero,mixed forced-zero-history minus independently trained zero-history,,10.191957854924848,10.202217509540198,-0.010259654615351943,True,144,31851,531725,"origin-within-session, session-within-user, equal-user mean",f9414ee5bfb3dcefff537a532b327a1603997659bab6018f3cdae8570a775f48,3d2f7e730e69ee8133b925478a62e4e661a61ee677896e413f471d35aa7c3ac5
20260726,unseen_user,frozen_external,180,mixed_zero_minus_independent_zero,mixed forced-zero-history minus independently trained zero-history,,10.230972618961792,10.225243705808985,0.0057289131527977705,True,144,31851,531725,"origin-within-session, session-within-user, equal-user mean",f9414ee5bfb3dcefff537a532b327a1603997659bab6018f3cdae8570a775f48,3d2f7e730e69ee8133b925478a62e4e661a61ee677896e413f471d35aa7c3ac5
20260722,unseen_user,frozen_external,300,mixed_zero_minus_independent_zero,mixed forced-zero-history minus independently trained zero-history,,11.213605878707767,11.220984591392295,-0.007378712684521683,True,144,31851,531725,"origin-within-session, session-within-user, equal-user mean",f9414ee5bfb3dcefff537a532b327a1603997659bab6018f3cdae8570a775f48,3d2f7e730e69ee8133b925478a62e4e661a61ee677896e413f471d35aa7c3ac5
20260723,unseen_user,frozen_external,300,mixed_zero_minus_independent_zero,mixed forced-zero-history minus independently trained zero-history,,11.213930154161869,11.2618075666709,-0.04787741250903507,True,144,31851,531725,"origin-within-session, session-within-user, equal-user mean",f9414ee5bfb3dcefff537a532b327a1603997659bab6018f3cdae8570a775f48,3d2f7e730e69ee8133b925478a62e4e661a61ee677896e413f471d35aa7c3ac5
20260724,unseen_user,frozen_external,300,mixed_zero_minus_independent_zero,mixed forced-zero-history minus independently trained zero-history,,11.191091371541676,11.226038919092698,-0.03494754755101784,True,144,31851,531725,"origin-within-session, session-within-user, equal-user mean",f9414ee5bfb3dcefff537a532b327a1603997659bab6018f3cdae8570a775f48,3d2f7e730e69ee8133b925478a62e4e661a61ee677896e413f471d35aa7c3ac5
20260725,unseen_user,frozen_external,300,mixed_zero_minus_independent_zero,mixed forced-zero-history minus independently trained zero-history,,11.186101336190703,11.226375191634782,-0.040273855444077446,True,144,31851,531725,"origin-within-session, session-within-user, equal-user mean",f9414ee5bfb3dcefff537a532b327a1603997659bab6018f3cdae8570a775f48,3d2f7e730e69ee8133b925478a62e4e661a61ee677896e413f471d35aa7c3ac5
20260726,unseen_user,frozen_external,300,mixed_zero_minus_independent_zero,mixed forced-zero-history minus independently trained zero-history,,11.225538238106227,11.214659190473967,0.01087904763225568,True,144,31851,531725,"origin-within-session, session-within-user, equal-user mean",f9414ee5bfb3dcefff537a532b327a1603997659bab6018f3cdae8570a775f48,3d2f7e730e69ee8133b925478a62e4e661a61ee677896e413f471d35aa7c3ac5
20260722,unseen_user,internal_test,60,mixed_history_minus_independent_zero,mixed history-informed minus independently trained zero-history,5.8318541837439,5.868225508776028,5.863444059755312,-0.03158987601141089,True,105,15026,101184,"origin-within-session, session-within-user, equal-user mean",7da031568edc8a33a8b3eb0a97236bc8277b9d77c99ef018ff2f8e7642547964,cfabe6704d5297470cdede3c896a4de442b616553555488034cf9ea44148b1fa
20260723,unseen_user,internal_test,60,mixed_history_minus_independent_zero,mixed history-informed minus independently trained zero-history,5.8573249984086155,5.8980176498574135,5.898516159545884,-0.04119116113726481,True,105,15026,101184,"origin-within-session, session-within-user, equal-user mean",7da031568edc8a33a8b3eb0a97236bc8277b9d77c99ef018ff2f8e7642547964,cfabe6704d5297470cdede3c896a4de442b616553555488034cf9ea44148b1fa
20260724,unseen_user,internal_test,60,mixed_history_minus_independent_zero,mixed history-informed minus independently trained zero-history,5.866835023302627,5.910071302925875,5.8634929850653155,0.0033420382373101844,True,105,15026,101184,"origin-within-session, session-within-user, equal-user mean",7da031568edc8a33a8b3eb0a97236bc8277b9d77c99ef018ff2f8e7642547964,cfabe6704d5297470cdede3c896a4de442b616553555488034cf9ea44148b1fa
20260725,unseen_user,internal_test,60,mixed_history_minus_independent_zero,mixed history-informed minus independently trained zero-history,5.849037996291018,5.882637926004923,5.865716769787082,-0.01667877349606213,True,105,15026,101184,"origin-within-session, session-within-user, equal-user mean",7da031568edc8a33a8b3eb0a97236bc8277b9d77c99ef018ff2f8e7642547964,cfabe6704d5297470cdede3c896a4de442b616553555488034cf9ea44148b1fa
20260726,unseen_user,internal_test,60,mixed_history_minus_independent_zero,mixed history-informed minus independently trained zero-history,5.821257527522328,5.865654201936945,5.878344898985048,-0.05708737146271742,True,105,15026,101184,"origin-within-session, session-within-user, equal-user mean",7da031568edc8a33a8b3eb0a97236bc8277b9d77c99ef018ff2f8e7642547964,cfabe6704d5297470cdede3c896a4de442b616553555488034cf9ea44148b1fa
20260722,unseen_user,internal_test,60,mixed_history_minus_mixed_zero,mixed history-informed minus mixed forced-zero-history,5.8318541837439,5.868225508776028,5.863444059755312,-0.03637132503212724,True,105,15026,101184,"origin-within-session, session-within-user, equal-user mean",7da031568edc8a33a8b3eb0a97236bc8277b9d77c99ef018ff2f8e7642547964,cfabe6704d5297470cdede3c896a4de442b616553555488034cf9ea44148b1fa
20260723,unseen_user,internal_test,60,mixed_history_minus_mixed_zero,mixed history-informed minus mixed forced-zero-history,5.8573249984086155,5.8980176498574135,5.898516159545884,-0.04069265144879391,True,105,15026,101184,"origin-within-session, session-within-user, equal-user mean",7da031568edc8a33a8b3eb0a97236bc8277b9d77c99ef018ff2f8e7642547964,cfabe6704d5297470cdede3c896a4de442b616553555488034cf9ea44148b1fa
20260724,unseen_user,internal_test,60,mixed_history_minus_mixed_zero,mixed history-informed minus mixed forced-zero-history,5.866835023302627,5.910071302925875,5.8634929850653155,-0.043236279623248934,True,105,15026,101184,"origin-within-session, session-within-user, equal-user mean",7da031568edc8a33a8b3eb0a97236bc8277b9d77c99ef018ff2f8e7642547964,cfabe6704d5297470cdede3c896a4de442b616553555488034cf9ea44148b1fa
20260725,unseen_user,internal_test,60,mixed_history_minus_mixed_zero,mixed history-informed minus mixed forced-zero-history,5.849037996291018,5.882637926004923,5.865716769787082,-0.03359992971390599,True,105,15026,101184,"origin-within-session, session-within-user, equal-user mean",7da031568edc8a33a8b3eb0a97236bc8277b9d77c99ef018ff2f8e7642547964,cfabe6704d5297470cdede3c896a4de442b616553555488034cf9ea44148b1fa
20260726,unseen_user,internal_test,60,mixed_history_minus_mixed_zero,mixed history-informed minus mixed forced-zero-history,5.821257527522328,5.865654201936945,5.878344898985048,-0.04439667441461929,True,105,15026,101184,"origin-within-session, session-within-user, equal-user mean",7da031568edc8a33a8b3eb0a97236bc8277b9d77c99ef018ff2f8e7642547964,cfabe6704d5297470cdede3c896a4de442b616553555488034cf9ea44148b1fa
20260722,unseen_user,internal_test,60,mixed_zero_minus_independent_zero,mixed forced-zero-history minus independently trained zero-history,5.8318541837439,5.868225508776028,5.863444059755312,0.004781449020716353,True,105,15026,101184,"origin-within-session, session-within-user, equal-user mean",7da031568edc8a33a8b3eb0a97236bc8277b9d77c99ef018ff2f8e7642547964,cfabe6704d5297470cdede3c896a4de442b616553555488034cf9ea44148b1fa
20260723,unseen_user,internal_test,60,mixed_zero_minus_independent_zero,mixed forced-zero-history minus independently trained zero-history,5.8573249984086155,5.8980176498574135,5.898516159545884,-0.000498509688470895,True,105,15026,101184,"origin-within-session, session-within-user, equal-user mean",7da031568edc8a33a8b3eb0a97236bc8277b9d77c99ef018ff2f8e7642547964,cfabe6704d5297470cdede3c896a4de442b616553555488034cf9ea44148b1fa
20260724,unseen_user,internal_test,60,mixed_zero_minus_independent_zero,mixed forced-zero-history minus independently trained zero-history,5.866835023302627,5.910071302925875,5.8634929850653155,0.046578317860559125,True,105,15026,101184,"origin-within-session, session-within-user, equal-user mean",7da031568edc8a33a8b3eb0a97236bc8277b9d77c99ef018ff2f8e7642547964,cfabe6704d5297470cdede3c896a4de442b616553555488034cf9ea44148b1fa
20260725,unseen_user,internal_test,60,mixed_zero_minus_independent_zero,mixed forced-zero-history minus independently trained zero-history,5.849037996291018,5.882637926004923,5.865716769787082,0.016921156217843857,True,105,15026,101184,"origin-within-session, session-within-user, equal-user mean",7da031568edc8a33a8b3eb0a97236bc8277b9d77c99ef018ff2f8e7642547964,cfabe6704d5297470cdede3c896a4de442b616553555488034cf9ea44148b1fa
20260726,unseen_user,internal_test,60,mixed_zero_minus_independent_zero,mixed forced-zero-history minus independently trained zero-history,5.821257527522328,5.865654201936945,5.878344898985048,-0.012690697048098136,True,105,15026,101184,"origin-within-session, session-within-user, equal-user mean",7da031568edc8a33a8b3eb0a97236bc8277b9d77c99ef018ff2f8e7642547964,cfabe6704d5297470cdede3c896a4de442b616553555488034cf9ea44148b1fa
20260722,unseen_user,internal_test,180,mixed_history_minus_independent_zero,mixed history-informed minus independently trained zero-history,7.397328675132698,7.483583984784496,7.463302035482155,-0.0659733603494563,True,105,15026,101184,"origin-within-session, session-within-user, equal-user mean",7da031568edc8a33a8b3eb0a97236bc8277b9d77c99ef018ff2f8e7642547964,cfabe6704d5297470cdede3c896a4de442b616553555488034cf9ea44148b1fa
20260723,unseen_user,internal_test,180,mixed_history_minus_independent_zero,mixed history-informed minus independently trained zero-history,7.393813521714101,7.474909910450453,7.493579627033447,-0.09976610531934156,True,105,15026,101184,"origin-within-session, session-within-user, equal-user mean",7da031568edc8a33a8b3eb0a97236bc8277b9d77c99ef018ff2f8e7642547964,cfabe6704d5297470cdede3c896a4de442b616553555488034cf9ea44148b1fa
20260724,unseen_user,internal_test,180,mixed_history_minus_independent_zero,mixed history-informed minus independently trained zero-history,7.420023512988131,7.513736291915589,7.490491863614006,-0.07046835062587527,True,105,15026,101184,"origin-within-session, session-within-user, equal-user mean",7da031568edc8a33a8b3eb0a97236bc8277b9d77c99ef018ff2f8e7642547964,cfabe6704d5297470cdede3c896a4de442b616553555488034cf9ea44148b1fa
20260725,unseen_user,internal_test,180,mixed_history_minus_independent_zero,mixed history-informed minus independently trained zero-history,7.4095151210211325,7.5011013679311525,7.486891899625586,-0.07737677860445541,True,105,15026,101184,"origin-within-session, session-within-user, equal-user mean",7da031568edc8a33a8b3eb0a97236bc8277b9d77c99ef018ff2f8e7642547964,cfabe6704d5297470cdede3c896a4de442b616553555488034cf9ea44148b1fa
20260726,unseen_user,internal_test,180,mixed_history_minus_independent_zero,mixed history-informed minus independently trained zero-history,7.407143613988886,7.494663624289693,7.475140115688919,-0.0679965017000293,True,105,15026,101184,"origin-within-session, session-within-user, equal-user mean",7da031568edc8a33a8b3eb0a97236bc8277b9d77c99ef018ff2f8e7642547964,cfabe6704d5297470cdede3c896a4de442b616553555488034cf9ea44148b1fa
20260722,unseen_user,internal_test,180,mixed_history_minus_mixed_zero,mixed history-informed minus mixed forced-zero-history,7.397328675132698,7.483583984784496,7.463302035482155,-0.08625530965180252,True,105,15026,101184,"origin-within-session, session-within-user, equal-user mean",7da031568edc8a33a8b3eb0a97236bc8277b9d77c99ef018ff2f8e7642547964,cfabe6704d5297470cdede3c896a4de442b616553555488034cf9ea44148b1fa
20260723,unseen_user,internal_test,180,mixed_history_minus_mixed_zero,mixed history-informed minus mixed forced-zero-history,7.393813521714101,7.474909910450453,7.493579627033447,-0.08109638873635577,True,105,15026,101184,"origin-within-session, session-within-user, equal-user mean",7da031568edc8a33a8b3eb0a97236bc8277b9d77c99ef018ff2f8e7642547964,cfabe6704d5297470cdede3c896a4de442b616553555488034cf9ea44148b1fa
20260724,unseen_user,internal_test,180,mixed_history_minus_mixed_zero,mixed history-informed minus mixed forced-zero-history,7.420023512988131,7.513736291915589,7.490491863614006,-0.09371277892746092,True,105,15026,101184,"origin-within-session, session-within-user, equal-user mean",7da031568edc8a33a8b3eb0a97236bc8277b9d77c99ef018ff2f8e7642547964,cfabe6704d5297470cdede3c896a4de442b616553555488034cf9ea44148b1fa
20260725,unseen_user,internal_test,180,mixed_history_minus_mixed_zero,mixed history-informed minus mixed forced-zero-history,7.4095151210211325,7.5011013679311525,7.486891899625586,-0.09158624691002092,True,105,15026,101184,"origin-within-session, session-within-user, equal-user mean",7da031568edc8a33a8b3eb0a97236bc8277b9d77c99ef018ff2f8e7642547964,cfabe6704d5297470cdede3c896a4de442b616553555488034cf9ea44148b1fa
20260726,unseen_user,internal_test,180,mixed_history_minus_mixed_zero,mixed history-informed minus mixed forced-zero-history,7.407143613988886,7.494663624289693,7.475140115688919,-0.08752001030080438,True,105,15026,101184,"origin-within-session, session-within-user, equal-user mean",7da031568edc8a33a8b3eb0a97236bc8277b9d77c99ef018ff2f8e7642547964,cfabe6704d5297470cdede3c896a4de442b616553555488034cf9ea44148b1fa
20260722,unseen_user,internal_test,180,mixed_zero_minus_independent_zero,mixed forced-zero-history minus independently trained zero-history,7.397328675132698,7.483583984784496,7.463302035482155,0.020281949302346218,True,105,15026,101184,"origin-within-session, session-within-user, equal-user mean",7da031568edc8a33a8b3eb0a97236bc8277b9d77c99ef018ff2f8e7642547964,cfabe6704d5297470cdede3c896a4de442b616553555488034cf9ea44148b1fa
20260723,unseen_user,internal_test,180,mixed_zero_minus_independent_zero,mixed forced-zero-history minus independently trained zero-history,7.393813521714101,7.474909910450453,7.493579627033447,-0.018669716582985774,True,105,15026,101184,"origin-within-session, session-within-user, equal-user mean",7da031568edc8a33a8b3eb0a97236bc8277b9d77c99ef018ff2f8e7642547964,cfabe6704d5297470cdede3c896a4de442b616553555488034cf9ea44148b1fa
20260724,unseen_user,internal_test,180,mixed_zero_minus_independent_zero,mixed forced-zero-history minus independently trained zero-history,7.420023512988131,7.513736291915589,7.490491863614006,0.023244428301585664,True,105,15026,101184,"origin-within-session, session-within-user, equal-user mean",7da031568edc8a33a8b3eb0a97236bc8277b9d77c99ef018ff2f8e7642547964,cfabe6704d5297470cdede3c896a4de442b616553555488034cf9ea44148b1fa
20260725,unseen_user,internal_test,180,mixed_zero_minus_independent_zero,mixed forced-zero-history minus independently trained zero-history,7.4095151210211325,7.5011013679311525,7.486891899625586,0.014209468305565515,True,105,15026,101184,"origin-within-session, session-within-user, equal-user mean",7da031568edc8a33a8b3eb0a97236bc8277b9d77c99ef018ff2f8e7642547964,cfabe6704d5297470cdede3c896a4de442b616553555488034cf9ea44148b1fa
20260726,unseen_user,internal_test,180,mixed_zero_minus_independent_zero,mixed forced-zero-history minus independently trained zero-history,7.407143613988886,7.494663624289693,7.475140115688919,0.01952350860077509,True,105,15026,101184,"origin-within-session, session-within-user, equal-user mean",7da031568edc8a33a8b3eb0a97236bc8277b9d77c99ef018ff2f8e7642547964,cfabe6704d5297470cdede3c896a4de442b616553555488034cf9ea44148b1fa
20260722,unseen_user,internal_test,300,mixed_history_minus_independent_zero,mixed history-informed minus independently trained zero-history,8.126999924321053,8.251067273930005,8.265623251108465,-0.13862332678741143,True,105,15026,101184,"origin-within-session, session-within-user, equal-user mean",7da031568edc8a33a8b3eb0a97236bc8277b9d77c99ef018ff2f8e7642547964,cfabe6704d5297470cdede3c896a4de442b616553555488034cf9ea44148b1fa
20260723,unseen_user,internal_test,300,mixed_history_minus_independent_zero,mixed history-informed minus independently trained zero-history,8.156570205230393,8.303367631426042,8.284732145754823,-0.1281619405244273,True,105,15026,101184,"origin-within-session, session-within-user, equal-user mean",7da031568edc8a33a8b3eb0a97236bc8277b9d77c99ef018ff2f8e7642547964,cfabe6704d5297470cdede3c896a4de442b616553555488034cf9ea44148b1fa
20260724,unseen_user,internal_test,300,mixed_history_minus_independent_zero,mixed history-informed minus independently trained zero-history,8.21219925304349,8.336525668122572,8.299649821497988,-0.08745056845449506,True,105,15026,101184,"origin-within-session, session-within-user, equal-user mean",7da031568edc8a33a8b3eb0a97236bc8277b9d77c99ef018ff2f8e7642547964,cfabe6704d5297470cdede3c896a4de442b616553555488034cf9ea44148b1fa
20260725,unseen_user,internal_test,300,mixed_history_minus_independent_zero,mixed history-informed minus independently trained zero-history,8.187462928227866,8.306116142314277,8.287428576342874,-0.09996564811500583,True,105,15026,101184,"origin-within-session, session-within-user, equal-user mean",7da031568edc8a33a8b3eb0a97236bc8277b9d77c99ef018ff2f8e7642547964,cfabe6704d5297470cdede3c896a4de442b616553555488034cf9ea44148b1fa
20260726,unseen_user,internal_test,300,mixed_history_minus_independent_zero,mixed history-informed minus independently trained zero-history,8.156834925000236,8.29121011839622,8.263283562354422,-0.10644863735419087,True,105,15026,101184,"origin-within-session, session-within-user, equal-user mean",7da031568edc8a33a8b3eb0a97236bc8277b9d77c99ef018ff2f8e7642547964,cfabe6704d5297470cdede3c896a4de442b616553555488034cf9ea44148b1fa
20260722,unseen_user,internal_test,300,mixed_history_minus_mixed_zero,mixed history-informed minus mixed forced-zero-history,8.126999924321053,8.251067273930005,8.265623251108465,-0.12406734960895092,True,105,15026,101184,"origin-within-session, session-within-user, equal-user mean",7da031568edc8a33a8b3eb0a97236bc8277b9d77c99ef018ff2f8e7642547964,cfabe6704d5297470cdede3c896a4de442b616553555488034cf9ea44148b1fa
20260723,unseen_user,internal_test,300,mixed_history_minus_mixed_zero,mixed history-informed minus mixed forced-zero-history,8.156570205230393,8.303367631426042,8.284732145754823,-0.14679742619565106,True,105,15026,101184,"origin-within-session, session-within-user, equal-user mean",7da031568edc8a33a8b3eb0a97236bc8277b9d77c99ef018ff2f8e7642547964,cfabe6704d5297470cdede3c896a4de442b616553555488034cf9ea44148b1fa
20260724,unseen_user,internal_test,300,mixed_history_minus_mixed_zero,mixed history-informed minus mixed forced-zero-history,8.21219925304349,8.336525668122572,8.299649821497988,-0.12432641507907807,True,105,15026,101184,"origin-within-session, session-within-user, equal-user mean",7da031568edc8a33a8b3eb0a97236bc8277b9d77c99ef018ff2f8e7642547964,cfabe6704d5297470cdede3c896a4de442b616553555488034cf9ea44148b1fa
20260725,unseen_user,internal_test,300,mixed_history_minus_mixed_zero,mixed history-informed minus mixed forced-zero-history,8.187462928227866,8.306116142314277,8.287428576342874,-0.11865321408640964,True,105,15026,101184,"origin-within-session, session-within-user, equal-user mean",7da031568edc8a33a8b3eb0a97236bc8277b9d77c99ef018ff2f8e7642547964,cfabe6704d5297470cdede3c896a4de442b616553555488034cf9ea44148b1fa
20260726,unseen_user,internal_test,300,mixed_history_minus_mixed_zero,mixed history-informed minus mixed forced-zero-history,8.156834925000236,8.29121011839622,8.263283562354422,-0.13437519339598938,True,105,15026,101184,"origin-within-session, session-within-user, equal-user mean",7da031568edc8a33a8b3eb0a97236bc8277b9d77c99ef018ff2f8e7642547964,cfabe6704d5297470cdede3c896a4de442b616553555488034cf9ea44148b1fa
20260722,unseen_user,internal_test,300,mixed_zero_minus_independent_zero,mixed forced-zero-history minus independently trained zero-history,8.126999924321053,8.251067273930005,8.265623251108465,-0.01455597717846053,True,105,15026,101184,"origin-within-session, session-within-user, equal-user mean",7da031568edc8a33a8b3eb0a97236bc8277b9d77c99ef018ff2f8e7642547964,cfabe6704d5297470cdede3c896a4de442b616553555488034cf9ea44148b1fa
20260723,unseen_user,internal_test,300,mixed_zero_minus_independent_zero,mixed forced-zero-history minus independently trained zero-history,8.156570205230393,8.303367631426042,8.284732145754823,0.018635485671223764,True,105,15026,101184,"origin-within-session, session-within-user, equal-user mean",7da031568edc8a33a8b3eb0a97236bc8277b9d77c99ef018ff2f8e7642547964,cfabe6704d5297470cdede3c896a4de442b616553555488034cf9ea44148b1fa
20260724,unseen_user,internal_test,300,mixed_zero_minus_independent_zero,mixed forced-zero-history minus independently trained zero-history,8.21219925304349,8.336525668122572,8.299649821497988,0.03687584662458302,True,105,15026,101184,"origin-within-session, session-within-user, equal-user mean",7da031568edc8a33a8b3eb0a97236bc8277b9d77c99ef018ff2f8e7642547964,cfabe6704d5297470cdede3c896a4de442b616553555488034cf9ea44148b1fa
20260725,unseen_user,internal_test,300,mixed_zero_minus_independent_zero,mixed forced-zero-history minus independently trained zero-history,8.187462928227866,8.306116142314277,8.287428576342874,0.0186875659714038,True,105,15026,101184,"origin-within-session, session-within-user, equal-user mean",7da031568edc8a33a8b3eb0a97236bc8277b9d77c99ef018ff2f8e7642547964,cfabe6704d5297470cdede3c896a4de442b616553555488034cf9ea44148b1fa
20260726,unseen_user,internal_test,300,mixed_zero_minus_independent_zero,mixed forced-zero-history minus independently trained zero-history,8.156834925000236,8.29121011839622,8.263283562354422,0.027926556041798507,True,105,15026,101184,"origin-within-session, session-within-user, equal-user mean",7da031568edc8a33a8b3eb0a97236bc8277b9d77c99ef018ff2f8e7642547964,cfabe6704d5297470cdede3c896a4de442b616553555488034cf9ea44148b1fa
