aggregation_version,seed,experiment,family,phase,regime,horizon_seconds,history_informed_mae_bpm,zero_history_mae_bpm,history_minus_zero_mae_bpm,users,sessions,origins,difference_direction,seed_inferential_test
0.22.0,20260722,held_sport,indoor_virtual_cycling,evaluation,joint_user_sport__indoor_virtual_cycling,60,5.862738609313965,5.84006929397583,0.022669315338134766,18,234,1523,negative favors history-informed,False
0.22.0,20260722,held_sport,indoor_virtual_cycling,evaluation,joint_user_sport__indoor_virtual_cycling,180,8.25386905670166,8.118179321289062,0.13568973541259766,18,234,1523,negative favors history-informed,False
0.22.0,20260722,held_sport,indoor_virtual_cycling,evaluation,joint_user_sport__indoor_virtual_cycling,300,10.967357635498049,11.394458770751951,-0.4271011352539027,18,234,1523,negative favors history-informed,False
0.22.0,20260722,held_sport,indoor_virtual_cycling,evaluation,unseen_sport__indoor_virtual_cycling,60,6.273045539855957,6.222827911376953,0.050217628479003906,118,1571,11591,negative favors history-informed,False
0.22.0,20260722,held_sport,indoor_virtual_cycling,evaluation,unseen_sport__indoor_virtual_cycling,180,8.690276145935059,8.52592658996582,0.16434955596923828,118,1571,11591,negative favors history-informed,False
0.22.0,20260722,held_sport,indoor_virtual_cycling,evaluation,unseen_sport__indoor_virtual_cycling,300,9.059664726257324,9.01781940460205,0.04184532165527344,118,1571,11591,negative favors history-informed,False
0.22.0,20260722,held_sport,outdoor_cycling,evaluation,joint_user_sport__outdoor_cycling,60,8.133129119873047,8.149005889892578,-0.01587677001953125,77,6097,37856,negative favors history-informed,False
0.22.0,20260722,held_sport,outdoor_cycling,evaluation,joint_user_sport__outdoor_cycling,180,10.00547218322754,9.933760643005373,0.07171154022216797,77,6097,37856,negative favors history-informed,False
0.22.0,20260722,held_sport,outdoor_cycling,evaluation,joint_user_sport__outdoor_cycling,300,10.86090850830078,10.931707382202148,-0.07079887390136896,77,6097,37856,negative favors history-informed,False
0.22.0,20260722,held_sport,outdoor_cycling,evaluation,unseen_sport__outdoor_cycling,60,8.147100448608398,8.15283489227295,-0.005734443664550781,452,40943,236748,negative favors history-informed,False
0.22.0,20260722,held_sport,outdoor_cycling,evaluation,unseen_sport__outdoor_cycling,180,9.761539459228516,9.762580871582031,-0.001041412353515625,452,40943,236748,negative favors history-informed,False
0.22.0,20260722,held_sport,outdoor_cycling,evaluation,unseen_sport__outdoor_cycling,300,10.49169635772705,10.491859436035156,-0.00016307830810546875,452,40943,236748,negative favors history-informed,False
0.22.0,20260722,held_sport,running,evaluation,joint_user_sport__running,60,5.084980487823486,5.098534107208252,-0.013553619384765625,88,8431,60542,negative favors history-informed,False
0.22.0,20260722,held_sport,running,evaluation,joint_user_sport__running,180,6.630910873413086,6.560420036315918,0.07049083709716797,88,8431,60542,negative favors history-informed,False
0.22.0,20260722,held_sport,running,evaluation,joint_user_sport__running,300,7.43487548828125,7.328001499176025,0.10687398910522461,88,8431,60542,negative favors history-informed,False
0.22.0,20260722,held_sport,running,evaluation,unseen_sport__running,60,5.2611165046691895,5.250599384307861,0.010517120361328125,448,44652,308648,negative favors history-informed,False
0.22.0,20260722,held_sport,running,evaluation,unseen_sport__running,180,6.95702075958252,6.90651273727417,0.0505080223083505,448,44652,308648,negative favors history-informed,False
0.22.0,20260722,held_sport,running,evaluation,unseen_sport__running,300,7.728622913360596,7.620516300201416,0.10810661315917969,448,44652,308648,negative favors history-informed,False
0.22.0,20260722,held_sport,strength_cross_training,evaluation,joint_user_sport__strength_cross_training,60,9.395431518554688,9.819259643554688,-0.423828125,20,112,503,negative favors history-informed,False
0.22.0,20260722,held_sport,strength_cross_training,evaluation,joint_user_sport__strength_cross_training,180,12.068293571472168,12.787692070007324,-0.7193984985351562,20,112,503,negative favors history-informed,False
0.22.0,20260722,held_sport,strength_cross_training,evaluation,joint_user_sport__strength_cross_training,300,11.71924114227295,12.412321090698242,-0.693079948425293,20,112,503,negative favors history-informed,False
0.22.0,20260722,held_sport,strength_cross_training,evaluation,unseen_sport__strength_cross_training,60,9.29273796081543,9.325697898864746,-0.032959938049316406,106,587,3189,negative favors history-informed,False
0.22.0,20260722,held_sport,strength_cross_training,evaluation,unseen_sport__strength_cross_training,180,10.721684455871582,10.776877403259276,-0.055192947387693536,106,587,3189,negative favors history-informed,False
0.22.0,20260722,held_sport,strength_cross_training,evaluation,unseen_sport__strength_cross_training,300,12.034716606140137,12.132633209228516,-0.0979166030883789,106,587,3189,negative favors history-informed,False
0.22.0,20260722,held_sport,walking_hiking,evaluation,joint_user_sport__walking_hiking,60,6.5199408531188965,6.537179946899414,-0.017239093780517578,19,96,428,negative favors history-informed,False
0.22.0,20260722,held_sport,walking_hiking,evaluation,joint_user_sport__walking_hiking,180,7.422905445098877,7.584080696105957,-0.16117525100708008,19,96,428,negative favors history-informed,False
0.22.0,20260722,held_sport,walking_hiking,evaluation,joint_user_sport__walking_hiking,300,8.976508140563965,9.402748107910156,-0.4262399673461914,19,96,428,negative favors history-informed,False
0.22.0,20260722,held_sport,walking_hiking,evaluation,unseen_sport__walking_hiking,60,5.612342834472656,5.72057580947876,-0.10823297500610352,144,2063,10149,negative favors history-informed,False
0.22.0,20260722,held_sport,walking_hiking,evaluation,unseen_sport__walking_hiking,180,7.724746704101562,7.913915157318115,-0.18916845321655362,144,2063,10149,negative favors history-informed,False
0.22.0,20260722,held_sport,walking_hiking,evaluation,unseen_sport__walking_hiking,300,8.862936973571777,9.04391860961914,-0.18098163604736328,144,2063,10149,negative favors history-informed,False
0.22.0,20260722,temporal_main,,evaluation,within_user_temporal_test,60,6.0110273361206055,6.05565357208252,-0.04462623596191495,948,16012,104144,negative favors history-informed,False
0.22.0,20260722,temporal_main,,evaluation,within_user_temporal_test,180,7.555811405181885,7.64992618560791,-0.09411478042602539,948,16012,104144,negative favors history-informed,False
0.22.0,20260722,temporal_main,,evaluation,within_user_temporal_test,300,8.24500846862793,8.365702629089355,-0.12069416046142578,948,16012,104144,negative favors history-informed,False
0.22.0,20260722,unseen_main,,development,unseen_user_test,60,5.831853866577148,5.868225574493408,-0.036371707916259766,105,15026,101184,negative favors history-informed,False
0.22.0,20260722,unseen_main,,development,unseen_user_test,180,7.397328853607178,7.483583450317383,-0.08625459671020508,105,15026,101184,negative favors history-informed,False
0.22.0,20260722,unseen_main,,development,unseen_user_test,300,8.126999855041504,8.251067161560059,-0.12406730651855469,105,15026,101184,negative favors history-informed,False
0.22.0,20260722,unseen_main,,development,unseen_user_validation,60,6.183519840240479,6.244073867797852,-0.06055402755737216,127,19062,123370,negative favors history-informed,False
0.22.0,20260722,unseen_main,,development,unseen_user_validation,180,7.731301784515381,7.813691139221191,-0.08238935470581055,127,19062,123370,negative favors history-informed,False
0.22.0,20260722,unseen_main,,development,unseen_user_validation,300,8.211639404296875,8.32426643371582,-0.11262702941894531,127,19062,123370,negative favors history-informed,False
0.22.0,20260723,held_sport,indoor_virtual_cycling,evaluation,joint_user_sport__indoor_virtual_cycling,60,5.993279457092285,5.988856792449951,0.004422664642333984,18,234,1523,negative favors history-informed,False
0.22.0,20260723,held_sport,indoor_virtual_cycling,evaluation,joint_user_sport__indoor_virtual_cycling,180,8.17273235321045,8.203402519226074,-0.030670166015625,18,234,1523,negative favors history-informed,False
0.22.0,20260723,held_sport,indoor_virtual_cycling,evaluation,joint_user_sport__indoor_virtual_cycling,300,11.359700202941896,11.645585060119627,-0.2858848571777308,18,234,1523,negative favors history-informed,False
0.22.0,20260723,held_sport,indoor_virtual_cycling,evaluation,unseen_sport__indoor_virtual_cycling,60,6.209912300109863,6.17648983001709,0.03342247009277344,118,1571,11591,negative favors history-informed,False
0.22.0,20260723,held_sport,indoor_virtual_cycling,evaluation,unseen_sport__indoor_virtual_cycling,180,8.493586540222168,8.402347564697266,0.09123897552490234,118,1571,11591,negative favors history-informed,False
0.22.0,20260723,held_sport,indoor_virtual_cycling,evaluation,unseen_sport__indoor_virtual_cycling,300,9.064974784851074,8.97940444946289,0.0855703353881836,118,1571,11591,negative favors history-informed,False
0.22.0,20260723,held_sport,outdoor_cycling,evaluation,joint_user_sport__outdoor_cycling,60,8.127265930175781,8.103433609008789,0.023832321166992188,77,6097,37856,negative favors history-informed,False
0.22.0,20260723,held_sport,outdoor_cycling,evaluation,joint_user_sport__outdoor_cycling,180,9.90025234222412,9.865435600280762,0.0348167419433576,77,6097,37856,negative favors history-informed,False
0.22.0,20260723,held_sport,outdoor_cycling,evaluation,joint_user_sport__outdoor_cycling,300,10.90164279937744,10.933143615722656,-0.03150081634521662,77,6097,37856,negative favors history-informed,False
0.22.0,20260723,held_sport,outdoor_cycling,evaluation,unseen_sport__outdoor_cycling,60,8.055103302001953,8.050267219543457,0.004836082458496094,452,40943,236748,negative favors history-informed,False
0.22.0,20260723,held_sport,outdoor_cycling,evaluation,unseen_sport__outdoor_cycling,180,9.686504364013672,9.709138870239258,-0.022634506225585938,452,40943,236748,negative favors history-informed,False
0.22.0,20260723,held_sport,outdoor_cycling,evaluation,unseen_sport__outdoor_cycling,300,10.39943504333496,10.478774070739746,-0.07933902740478693,452,40943,236748,negative favors history-informed,False
0.22.0,20260723,held_sport,running,evaluation,joint_user_sport__running,60,5.154756546020508,5.10399341583252,0.05076313018798739,88,8431,60542,negative favors history-informed,False
0.22.0,20260723,held_sport,running,evaluation,joint_user_sport__running,180,6.583225727081299,6.529829502105713,0.05339622497558594,88,8431,60542,negative favors history-informed,False
0.22.0,20260723,held_sport,running,evaluation,joint_user_sport__running,300,7.336716175079346,7.256465435028076,0.08025074005126953,88,8431,60542,negative favors history-informed,False
0.22.0,20260723,held_sport,running,evaluation,unseen_sport__running,60,5.26388692855835,5.230040073394775,0.03384685516357422,448,44652,308648,negative favors history-informed,False
0.22.0,20260723,held_sport,running,evaluation,unseen_sport__running,180,6.840531826019287,6.830723285675049,0.009808540344238281,448,44652,308648,negative favors history-informed,False
0.22.0,20260723,held_sport,running,evaluation,unseen_sport__running,300,7.584736347198486,7.542129516601562,0.042606830596924716,448,44652,308648,negative favors history-informed,False
0.22.0,20260723,held_sport,strength_cross_training,evaluation,joint_user_sport__strength_cross_training,60,9.295921325683594,9.454957962036133,-0.15903663635253906,20,112,503,negative favors history-informed,False
0.22.0,20260723,held_sport,strength_cross_training,evaluation,joint_user_sport__strength_cross_training,180,11.96402072906494,12.35742473602295,-0.3934040069580096,20,112,503,negative favors history-informed,False
0.22.0,20260723,held_sport,strength_cross_training,evaluation,joint_user_sport__strength_cross_training,300,11.977876663208008,12.211858749389648,-0.23398208618164062,20,112,503,negative favors history-informed,False
0.22.0,20260723,held_sport,strength_cross_training,evaluation,unseen_sport__strength_cross_training,60,9.244009971618652,9.263948440551758,-0.01993846893310547,106,587,3189,negative favors history-informed,False
0.22.0,20260723,held_sport,strength_cross_training,evaluation,unseen_sport__strength_cross_training,180,10.49388599395752,10.561153411865234,-0.06726741790771484,106,587,3189,negative favors history-informed,False
0.22.0,20260723,held_sport,strength_cross_training,evaluation,unseen_sport__strength_cross_training,300,12.006786346435549,12.113240242004396,-0.10645389556884766,106,587,3189,negative favors history-informed,False
0.22.0,20260723,held_sport,walking_hiking,evaluation,joint_user_sport__walking_hiking,60,6.5010294914245605,6.524622917175293,-0.023593425750732422,19,96,428,negative favors history-informed,False
0.22.0,20260723,held_sport,walking_hiking,evaluation,joint_user_sport__walking_hiking,180,7.11703634262085,7.40289306640625,-0.2858567237854004,19,96,428,negative favors history-informed,False
0.22.0,20260723,held_sport,walking_hiking,evaluation,joint_user_sport__walking_hiking,300,8.842240333557129,9.21511173248291,-0.37287139892578125,19,96,428,negative favors history-informed,False
0.22.0,20260723,held_sport,walking_hiking,evaluation,unseen_sport__walking_hiking,60,5.602084636688232,5.69562578201294,-0.09354114532470792,144,2063,10149,negative favors history-informed,False
0.22.0,20260723,held_sport,walking_hiking,evaluation,unseen_sport__walking_hiking,180,7.778849124908447,7.974648475646973,-0.1957993507385254,144,2063,10149,negative favors history-informed,False
0.22.0,20260723,held_sport,walking_hiking,evaluation,unseen_sport__walking_hiking,300,8.68795108795166,8.883514404296875,-0.19556331634521484,144,2063,10149,negative favors history-informed,False
0.22.0,20260723,temporal_main,,evaluation,within_user_temporal_test,60,6.0118279457092285,6.070176601409912,-0.058348655700683594,948,16012,104144,negative favors history-informed,False
0.22.0,20260723,temporal_main,,evaluation,within_user_temporal_test,180,7.547680377960205,7.655842304229736,-0.10816192626953125,948,16012,104144,negative favors history-informed,False
0.22.0,20260723,temporal_main,,evaluation,within_user_temporal_test,300,8.239315032958984,8.35843563079834,-0.11912059783935547,948,16012,104144,negative favors history-informed,False
0.22.0,20260723,unseen_main,,development,unseen_user_test,60,5.857324600219727,5.898017883300781,-0.04069328308105469,105,15026,101184,negative favors history-informed,False
0.22.0,20260723,unseen_main,,development,unseen_user_test,180,7.3938140869140625,7.474909782409668,-0.08109569549560547,105,15026,101184,negative favors history-informed,False
0.22.0,20260723,unseen_main,,development,unseen_user_test,300,8.156569480895996,8.303367614746094,-0.14679813385009766,105,15026,101184,negative favors history-informed,False
0.22.0,20260723,unseen_main,,development,unseen_user_validation,60,6.201185703277588,6.244334220886231,-0.043148517608643466,127,19062,123370,negative favors history-informed,False
0.22.0,20260723,unseen_main,,development,unseen_user_validation,180,7.769833564758301,7.854025363922119,-0.08419179916381836,127,19062,123370,negative favors history-informed,False
0.22.0,20260723,unseen_main,,development,unseen_user_validation,300,8.242945671081543,8.340431213378906,-0.09748554229736328,127,19062,123370,negative favors history-informed,False
0.22.0,20260724,held_sport,indoor_virtual_cycling,evaluation,joint_user_sport__indoor_virtual_cycling,60,5.918801784515381,5.848422527313232,0.07037925720214844,18,234,1523,negative favors history-informed,False
0.22.0,20260724,held_sport,indoor_virtual_cycling,evaluation,joint_user_sport__indoor_virtual_cycling,180,7.943546772003174,7.825667381286621,0.11787939071655273,18,234,1523,negative favors history-informed,False
0.22.0,20260724,held_sport,indoor_virtual_cycling,evaluation,joint_user_sport__indoor_virtual_cycling,300,11.098682403564451,11.465617179870604,-0.36693477630615234,18,234,1523,negative favors history-informed,False
0.22.0,20260724,held_sport,indoor_virtual_cycling,evaluation,unseen_sport__indoor_virtual_cycling,60,6.113548278808594,6.070065975189209,0.043482303619384766,118,1571,11591,negative favors history-informed,False
0.22.0,20260724,held_sport,indoor_virtual_cycling,evaluation,unseen_sport__indoor_virtual_cycling,180,8.570405006408691,8.418294906616211,0.15211009979248047,118,1571,11591,negative favors history-informed,False
0.22.0,20260724,held_sport,indoor_virtual_cycling,evaluation,unseen_sport__indoor_virtual_cycling,300,8.960474014282227,8.894430160522461,0.06604385375976562,118,1571,11591,negative favors history-informed,False
0.22.0,20260724,held_sport,outdoor_cycling,evaluation,joint_user_sport__outdoor_cycling,60,8.149386405944824,8.121639251708984,0.027747154235839844,77,6097,37856,negative favors history-informed,False
0.22.0,20260724,held_sport,outdoor_cycling,evaluation,joint_user_sport__outdoor_cycling,180,9.947577476501465,9.940906524658203,0.006670951843261719,77,6097,37856,negative favors history-informed,False
0.22.0,20260724,held_sport,outdoor_cycling,evaluation,joint_user_sport__outdoor_cycling,300,10.879020690917969,10.901114463806152,-0.022093772888183594,77,6097,37856,negative favors history-informed,False
0.22.0,20260724,held_sport,outdoor_cycling,evaluation,unseen_sport__outdoor_cycling,60,8.145715713500977,8.10416030883789,0.04155540466308594,452,40943,236748,negative favors history-informed,False
0.22.0,20260724,held_sport,outdoor_cycling,evaluation,unseen_sport__outdoor_cycling,180,9.7996187210083,9.778780937194824,0.020837783813476562,452,40943,236748,negative favors history-informed,False
0.22.0,20260724,held_sport,outdoor_cycling,evaluation,unseen_sport__outdoor_cycling,300,10.540019989013672,10.563504219055176,-0.023484230041503906,452,40943,236748,negative favors history-informed,False
0.22.0,20260724,held_sport,running,evaluation,joint_user_sport__running,60,5.0641255378723145,5.051409721374512,0.012715816497802734,88,8431,60542,negative favors history-informed,False
0.22.0,20260724,held_sport,running,evaluation,joint_user_sport__running,180,6.482592582702637,6.404551982879639,0.07804059982299805,88,8431,60542,negative favors history-informed,False
0.22.0,20260724,held_sport,running,evaluation,joint_user_sport__running,300,7.219220161437988,7.136161804199219,0.08305835723876953,88,8431,60542,negative favors history-informed,False
0.22.0,20260724,held_sport,running,evaluation,unseen_sport__running,60,5.250594139099121,5.23598051071167,0.014613628387451172,448,44652,308648,negative favors history-informed,False
0.22.0,20260724,held_sport,running,evaluation,unseen_sport__running,180,6.868812561035156,6.847751617431641,0.021060943603515625,448,44652,308648,negative favors history-informed,False
0.22.0,20260724,held_sport,running,evaluation,unseen_sport__running,300,7.617194652557373,7.577316284179687,0.039878368377686435,448,44652,308648,negative favors history-informed,False
0.22.0,20260724,held_sport,strength_cross_training,evaluation,joint_user_sport__strength_cross_training,60,9.496575355529783,9.70631980895996,-0.20974445343017578,20,112,503,negative favors history-informed,False
0.22.0,20260724,held_sport,strength_cross_training,evaluation,joint_user_sport__strength_cross_training,180,11.819662094116213,12.421804428100586,-0.6021423339843732,20,112,503,negative favors history-informed,False
0.22.0,20260724,held_sport,strength_cross_training,evaluation,joint_user_sport__strength_cross_training,300,11.79708194732666,12.179677963256836,-0.3825960159301758,20,112,503,negative favors history-informed,False
0.22.0,20260724,held_sport,strength_cross_training,evaluation,unseen_sport__strength_cross_training,60,9.410536766052246,9.36150074005127,0.04903602600097656,106,587,3189,negative favors history-informed,False
0.22.0,20260724,held_sport,strength_cross_training,evaluation,unseen_sport__strength_cross_training,180,10.60898208618164,10.594474792480469,0.014507293701171875,106,587,3189,negative favors history-informed,False
0.22.0,20260724,held_sport,strength_cross_training,evaluation,unseen_sport__strength_cross_training,300,12.01248550415039,12.075640678405762,-0.0631551742553711,106,587,3189,negative favors history-informed,False
0.22.0,20260724,held_sport,walking_hiking,evaluation,joint_user_sport__walking_hiking,60,6.416471481323242,6.471726417541504,-0.05525493621826172,19,96,428,negative favors history-informed,False
0.22.0,20260724,held_sport,walking_hiking,evaluation,joint_user_sport__walking_hiking,180,7.252436637878418,7.4427618980407715,-0.19032526016235352,19,96,428,negative favors history-informed,False
0.22.0,20260724,held_sport,walking_hiking,evaluation,joint_user_sport__walking_hiking,300,8.70129680633545,8.835224151611328,-0.1339273452758789,19,96,428,negative favors history-informed,False
0.22.0,20260724,held_sport,walking_hiking,evaluation,unseen_sport__walking_hiking,60,5.598659038543701,5.704274654388428,-0.10561561584472656,144,2063,10149,negative favors history-informed,False
0.22.0,20260724,held_sport,walking_hiking,evaluation,unseen_sport__walking_hiking,180,7.730978965759277,7.856247901916504,-0.12526893615722656,144,2063,10149,negative favors history-informed,False
0.22.0,20260724,held_sport,walking_hiking,evaluation,unseen_sport__walking_hiking,300,8.543691635131836,8.664077758789062,-0.12038612365722656,144,2063,10149,negative favors history-informed,False
0.22.0,20260724,temporal_main,,evaluation,within_user_temporal_test,60,6.035852909088135,6.084412097930908,-0.04855918884277344,948,16012,104144,negative favors history-informed,False
0.22.0,20260724,temporal_main,,evaluation,within_user_temporal_test,180,7.561564445495605,7.649913787841797,-0.0883493423461923,948,16012,104144,negative favors history-informed,False
0.22.0,20260724,temporal_main,,evaluation,within_user_temporal_test,300,8.260446548461914,8.363932609558105,-0.1034860610961914,948,16012,104144,negative favors history-informed,False
0.22.0,20260724,unseen_main,,development,unseen_user_test,60,5.866835117340088,5.91007137298584,-0.04323625564575195,105,15026,101184,negative favors history-informed,False
0.22.0,20260724,unseen_main,,development,unseen_user_test,180,7.420022964477539,7.513736248016357,-0.09371328353881836,105,15026,101184,negative favors history-informed,False
0.22.0,20260724,unseen_main,,development,unseen_user_test,300,8.212199211120605,8.336525917053223,-0.12432670593261719,105,15026,101184,negative favors history-informed,False
0.22.0,20260724,unseen_main,,development,unseen_user_validation,60,6.223449230194092,6.260177612304688,-0.03672838211059659,127,19062,123370,negative favors history-informed,False
0.22.0,20260724,unseen_main,,development,unseen_user_validation,180,7.748815536499023,7.813675880432129,-0.06486034393310547,127,19062,123370,negative favors history-informed,False
0.22.0,20260724,unseen_main,,development,unseen_user_validation,300,8.24624252319336,8.348260879516602,-0.10201835632324219,127,19062,123370,negative favors history-informed,False
0.22.0,20260725,temporal_main,,evaluation,within_user_temporal_test,60,6.057161808013916,6.1056437492370605,-0.04848194122314453,948,16012,104144,negative favors history-informed,False
0.22.0,20260725,temporal_main,,evaluation,within_user_temporal_test,180,7.562630653381348,7.652718544006348,-0.090087890625,948,16012,104144,negative favors history-informed,False
0.22.0,20260725,temporal_main,,evaluation,within_user_temporal_test,300,8.267219543457031,8.378640174865723,-0.1114206314086914,948,16012,104144,negative favors history-informed,False
0.22.0,20260725,unseen_main,,development,unseen_user_test,60,5.849038600921631,5.88263750076294,-0.03359889984130948,105,15026,101184,negative favors history-informed,False
0.22.0,20260725,unseen_main,,development,unseen_user_test,180,7.409515857696533,7.501101493835449,-0.09158563613891602,105,15026,101184,negative favors history-informed,False
0.22.0,20260725,unseen_main,,development,unseen_user_test,300,8.187463760375977,8.306116104125977,-0.11865234375,105,15026,101184,negative favors history-informed,False
0.22.0,20260725,unseen_main,,development,unseen_user_validation,60,6.214304447174072,6.263705253601074,-0.04940080642700195,127,19062,123370,negative favors history-informed,False
0.22.0,20260725,unseen_main,,development,unseen_user_validation,180,7.74838924407959,7.805972576141357,-0.05758333206176758,127,19062,123370,negative favors history-informed,False
0.22.0,20260725,unseen_main,,development,unseen_user_validation,300,8.240198135375977,8.329166412353516,-0.08896827697753906,127,19062,123370,negative favors history-informed,False
0.22.0,20260726,temporal_main,,evaluation,within_user_temporal_test,60,6.003769874572754,6.0444440841674805,-0.04067420959472656,948,16012,104144,negative favors history-informed,False
0.22.0,20260726,temporal_main,,evaluation,within_user_temporal_test,180,7.556800842285156,7.644673347473144,-0.0878725051879874,948,16012,104144,negative favors history-informed,False
0.22.0,20260726,temporal_main,,evaluation,within_user_temporal_test,300,8.244815826416016,8.354557037353516,-0.1097412109375,948,16012,104144,negative favors history-informed,False
0.22.0,20260726,unseen_main,,development,unseen_user_test,60,5.821257591247559,5.865653991699219,-0.044396400451660156,105,15026,101184,negative favors history-informed,False
0.22.0,20260726,unseen_main,,development,unseen_user_test,180,7.407142639160156,7.494663715362549,-0.08752107620239258,105,15026,101184,negative favors history-informed,False
0.22.0,20260726,unseen_main,,development,unseen_user_test,300,8.156834602355957,8.291210174560547,-0.13437557220458984,105,15026,101184,negative favors history-informed,False
0.22.0,20260726,unseen_main,,development,unseen_user_validation,60,6.18658971786499,6.233643054962158,-0.04705333709716797,127,19062,123370,negative favors history-informed,False
0.22.0,20260726,unseen_main,,development,unseen_user_validation,180,7.755743503570557,7.830409049987793,-0.07466554641723633,127,19062,123370,negative favors history-informed,False
0.22.0,20260726,unseen_main,,development,unseen_user_validation,300,8.25429630279541,8.346357345581055,-0.09206104278564453,127,19062,123370,negative favors history-informed,False
