manifest_version,relative_path,category,size_bytes,sha256
0.1.0,.gitignore,release_metadata,1228,ddc91a5519ac258f95ae8a2ee50e0a77200f15f35af7415289afc0d890c68763
0.1.0,CITATION.cff,release_metadata,1016,d70abbde7df4ed53b2761fee769cd67ba63f2834afeeb773f539cd5e12cd94a7
0.1.0,DATA_SOURCES.md,release_metadata,4502,a9b1ab5ccbb7b68b0ff4c02c1c4bba51e476fdc2bc4ee7cd89c983dc10df6b58
0.1.0,ENVIRONMENT.md,release_metadata,1580,0992bf1e229a14f562905c5cd5fe19df26b350c7e0fdfc00724aed71c77128ed
0.1.0,LICENSE,release_metadata,1085,82d97c16513f71c18aa6252e7f6ed1fdef8a69de56a5a0acbc0827958021b415
0.1.0,PUBLIC_RELEASE_MANIFEST.md,release_metadata,8076,1ff46b17dc8193917bcef9f3bffdde40c1fed4c2a8c73d0d22d816b4e45816c2
0.1.0,README.md,release_metadata,6566,c4fa58a36a9ff28a83ac3562f9def639292ebba0046245d3ca8b9899b90dd28f
0.1.0,REPOSITORY_UPLOAD_GUIDE.md,release_metadata,1691,17fe9c14d4d198a53f963ddd31a06bdeeb6913d91d3600677137dfa1fe261417
0.1.0,REPRODUCING.md,release_metadata,6769,dea9495a919ee4dc4312cd1f2d6accf3c95273e47c57c60d115e92b09a5ba7ed
0.1.0,configs/study.yaml,configuration,3858,6338aa8a114c213037c4c98e6e72e96fbb94e91609bcecc2066fff15403ba735
0.1.0,figures/FIGURE_CONTRACT.md,figures,5476,ba85bc8fb70a3b781b040e6effd8c388c0cc02acb48ff3851272536eaddcddf2
0.1.0,figures/FIGURE_QA.md,figures,2452,199ef888ad8650a17c2117232098f54ab351fbacef14065d9d844b120d85bf84
0.1.0,figures/Figure_1_study_design.pdf,figures,50896,9b7d1666becf75d727f31e5854f182ba02b923f419ea189ddb01987a8cb005c7
0.1.0,figures/Figure_1_study_design.png,figures,109276,fa7ecec2d3a8ab9a24d8bade3c801ea6be6e19138633a5ff019e0067beaf1d15
0.1.0,figures/Figure_1_study_design.svg,figures,29227,56c285357e156ec140f1773a86a6e96507f60af19d2a1cf449e60f3e73b25776
0.1.0,figures/Figure_2_primary_performance.pdf,figures,61781,d977c0be17f0c739d68e2175390802ac52c55c485d14d18d5591d92fe3b509ac
0.1.0,figures/Figure_2_primary_performance.png,figures,155516,1ad28b5279a83c0306b5aed1e74b8c70a35f232ddeae44f8e94abc9d6f45ad6a
0.1.0,figures/Figure_2_primary_performance.svg,figures,81511,e1aab3e0fab88b3172a49772ffb17804fbea574231862c894dd7c86b540ac8e7
0.1.0,figures/Figure_3_sport_shift.pdf,figures,57893,3defebc3a2f74b03d76b52a6f1ecfab7e0bf75d1ab94d69a9c5b83c47cd3f72c
0.1.0,figures/Figure_3_sport_shift.png,figures,141928,32fe1a287e09a858af4baeed147bafffdcf3eaf6c5d4d5ebdc34948fefcb2b67
0.1.0,figures/Figure_3_sport_shift.svg,figures,50793,92d89dd16bab14b8dbde43d0816a35da9618f851ec9d8aa341ab8ab9f9d66b1d
0.1.0,figures/Figure_4_uncertainty_calibration.pdf,figures,62116,627ea73a57100b3e9a98d38d3e3789f283b0ccd1eba7c757e641092cd1634be4
0.1.0,figures/Figure_4_uncertainty_calibration.png,figures,228741,ba5b76514373da67d617554f13abd21ead7d17142fabecfe0e1c4ca8d62e54be
0.1.0,figures/Figure_4_uncertainty_calibration.svg,figures,89753,b900eb3fb029e5cb60330ec22ba964fb9b5cc6b2cc39b3a8824716ed3afd06c0
0.1.0,figures/Supplementary_Figure_1_ablation_sensitivity.pdf,figures,56691,628d728538a4ece97a66a5cee826f0f054464467ba9fa298ad1ca19cccf666ff
0.1.0,figures/Supplementary_Figure_1_ablation_sensitivity.png,figures,165880,53338e13ff44e4007082dc203dca1a0f889212f76a6295658e922666f23f4d98
0.1.0,figures/Supplementary_Figure_1_ablation_sensitivity.svg,figures,48818,316f5c27de5aa1aaf156b71bd0b19088613315c3c65239d5d09f0237b08e3917
0.1.0,figures/source_data/Figure_2_paired_effect_source.csv,figures,2542,4f4361da115a9b1f0f813990b0d88f1ded4a302a648ec36ae70576bcec2accc3
0.1.0,figures/source_data/Figure_2_point_forecast_source.csv,figures,4025,f0f3b3cb97beaa367a367b1e31b31a9375857ef3223678225fca24e0976da37e
0.1.0,figures/source_data/Figure_3_sport_shift_PMEA_source.csv,figures,2644,94a2ea6f8fbf12d4825349bb7361b93dc70f9d68dc8f9373061c96f31b05de01
0.1.0,figures/source_data/Figure_3_sport_shift_PMEA_support_source.csv,figures,180,c27a134034bc7c30fa0ca5ce79b5f42c946c0963c7cf4ff53c4c941682a9bdcb
0.1.0,figures/source_data/Figure_3_sport_shift_source.csv,figures,3068,c131ea3e45ea4bb9fe941a6831b7c6161a3b74e2b7f7d31c95950b02442b0bf8
0.1.0,figures/source_data/Figure_3_support_source.csv,figures,180,c27a134034bc7c30fa0ca5ce79b5f42c946c0963c7cf4ff53c4c941682a9bdcb
0.1.0,figures/source_data/Figure_4_coverage_source.csv,figures,10687,4e08529eef639e7b0a26bbc31fde015b50d9368d56ed851fc49a5d7568213dc1
0.1.0,figures/source_data/Figure_4_probabilistic_source.csv,figures,2081,7c1bdc2332b592148db3df498629e68b132155945f185315d7b9f431cdb81df4
0.1.0,figures/source_data/Figure_4_width_source.csv,figures,3931,5e9cbaaee48b1b544a1e5f18828d3daef47c393ddcff1921ba866b59214f78d0
0.1.0,figures/source_data/Supplementary_Figure_1_history_source.csv,figures,1833,e372411feeb4ec580a2c8d9e7419a3d0d320f43033a205bda41644312c3a1107
0.1.0,figures/source_data/Supplementary_Figure_1_signal_source.csv,figures,3442,7ee5ba5a73088aaa1e8e62656069604b1a68455f29697bf0dc08481171c55b38
0.1.0,figures/source_data/Supplementary_Figure_1_stride_source.csv,figures,656,3ef6124e86c4a3a89c585f2a7b50185a08ab884666d5d4fe56547ff52f11e2d7
0.1.0,manuscript/highlights.txt,manuscript_targets,386,f05f5bae6d87d9ba5a8debdad8c09499fba8337e44078a4f65fff05ebb9062ad
0.1.0,manuscript/main_manuscript.md,manuscript_targets,54222,997985b5b869b377b754594ff836d922d4929ec306e10798bfd67f71fbb1f708
0.1.0,manuscript/supplementary_material.md,manuscript_targets,85015,85612c9aa0d2b4bf56f50221abbb1fcb74e81f89220a30b41f14361073bce78f
0.1.0,outputs/audit/FINAL_RESULTS_VALIDATION.md,validated_audits,6437,651c31bf1cc63b252a0d1e6cbcafc9fa8249933fda4ed93b147cc0b48137249f
0.1.0,outputs/audit/PMEA_SUBMISSION_VALIDATION.json,validated_audits,3416,35d5ac9b2988d0ca6330d8b87ea9aaf4c6fc7415170f836e0f24c14cede39bb6
0.1.0,outputs/audit/RAW_SOURCE_INTEGRITY_v0_1_0.json,validated_audits,1876,9d71f6934f0af8de5a53b92414e1b968b911a1c0f1d04d6e714df75d86f36610
0.1.0,outputs/audit/REPORTED_NUMBER_VALIDATION.json,validated_audits,40439,68b7d9fd248835879b4cea3c36ce3e070c1debe9edd9da159a1e046671bcf40a
0.1.0,outputs/audit/matched_sport_availability_v0_27_0.json,validated_audits,1364,cc3b2e072c3ffe11159a66cf75d29b6b7ca733aeeeed5b9115d726edf3842113
0.1.0,outputs/audit/persistence_conformal_baseline_v0_26_0.json,validated_audits,1637,54e9acde0e26a9e01a1202a319640d74c92847133ddc0fed6e2312fb9ef21e48
0.1.0,outputs/deliberately_leaky_negative_control_v0_28_0/aggregation/interval_diagnostics_per_seed_v0_28_0.csv,aggregate_results,13088,37e05c548e21e0b30455ce3092e19859fc75aaaf15f376f902b3d31f9c7a5cf1
0.1.0,outputs/deliberately_leaky_negative_control_v0_28_0/aggregation/paired_metrics_per_seed_v0_28_0.csv,aggregate_results,2954,867373b23a0f8104e69a3f6eb96fe3acb7e51ec62aaf3ebe57d4e00a7974afc5
0.1.0,outputs/deliberately_leaky_negative_control_v0_28_0/aggregation/paired_metrics_seed_summary_v0_28_0.csv,aggregate_results,2828,ed25844a77bfb3b66e10abdcf8835d58e79044b979e675d99cb1d373e0f7ddd8
0.1.0,outputs/deliberately_leaky_negative_control_v0_28_0/aggregation/paired_user_bootstrap_v0_28_0.csv,aggregate_results,15466,1d79d6cddafca6be13aabcde18aa650826334d28137cfef5816ead4c4c612890
0.1.0,outputs/independent_zero_history_v0_23_0/aggregation/strategy_contrast_seed_summary_v0_23_0.csv,aggregate_results,4515,6221e0d9df23e72ffada4883ad2ffe1d04448004a0e5acde425ff2e2a940b4be
0.1.0,outputs/independent_zero_history_v0_23_0/aggregation/strategy_contrast_user_bootstrap_v0_23_0.csv,aggregate_results,4647,197999f31956bef82ad47a2b36729d557d2cccb925f3ad6d3653430fb4af1fbe
0.1.0,outputs/independent_zero_history_v0_23_0/aggregation/strategy_contrasts_per_seed_v0_23_0.csv,aggregate_results,44876,ce2fe9a936f5df030ca2c17f11a4959964c5726708f6b1596711f8d0b1b64e12
0.1.0,outputs/q1_multiseed_v0_21_0/aggregation/main_history_difference_summary_v0_22_0.csv,aggregate_results,9935,21cb61e38e60d46a917e7c53227d8908bca07b0a76fcea455b71475c32221f9e
0.1.0,outputs/q1_multiseed_v0_21_0/aggregation/main_history_seed_paired_v0_22_0.csv,aggregate_results,26563,1f20cfda7c74acb43547280a71abf920a2b008df2a84933c4dc7093febbad814
0.1.0,outputs/q1_multiseed_v0_21_0/aggregation/main_vs_comparator_seed_paired_v0_22_0.csv,aggregate_results,26838,ec69c67aad968e11f37afcceaf9d37440b7e10307b792d59f381b5fb2162adc7
0.1.0,outputs/q1_multiseed_v0_21_0/aggregation/main_vs_comparator_summary_v0_22_0.csv,aggregate_results,11078,160b445c2b4d5a2f995fdfb02a9979620b0ae29bb57d1ef1034f58082fbe17ca
0.1.0,outputs/q1_multiseed_v0_21_0/aggregation/per_seed_metrics_long_v0_22_0.csv,aggregate_results,3632797,e29cda9aa142d46142e05bec333fc0f3b968ea45b93b55ce5c9ba6c4478c9a61
0.1.0,outputs/q1_multiseed_v0_21_0/aggregation/seed_variability_summary_v0_22_0.csv,aggregate_results,849787,095c934fb7f473ec5c54d7069e85cbf6d359f46e4f0165651a0a00ae683de35e
0.1.0,outputs/results/ablation_hr_only_interval_v0_14_0.csv,aggregate_results,20942,3eb2c4efadad69ebcf54e67070f45c6e27811a5317d1a090ed9363116c2a68c6
0.1.0,outputs/results/ablation_hr_only_point_v0_14_0.csv,aggregate_results,5138,d0663719b0707935eff4d0d5889c235c678c2732a9b310c92bbfe8650c26e314
0.1.0,outputs/results/ablation_hr_only_probabilistic_v0_14_0.csv,aggregate_results,7687,2f8090ab1231adafad73bedc80abe5d8a91636939df328611acc9ece3a047739
0.1.0,outputs/results/clustered_calibration_bootstrap_v0_20_0.csv,aggregate_results,6872,32590206cbe373c7fcaca29e814a0a7bc22237bd59216c819e67cad4c10dcdec
0.1.0,outputs/results/dense_origin_interval_v0_15_0.csv,aggregate_results,5611,96eabef08cf4ec30df99589525f80c57d9b2b632f6a09d314e30c58355efbed5
0.1.0,outputs/results/dense_origin_point_v0_15_0.csv,aggregate_results,896,95c1655384be199783743d191655f5ba84d1d6c85324e17ce62242890da3e666
0.1.0,outputs/results/external_sport_standardization_v0_20_1.csv,aggregate_results,9429,102f14c18023daeee1c818b163751b3e23c5780e8117435dcbe6e7f2dbd10d4b
0.1.0,outputs/results/external_sport_uncertainty_bootstrap_v0_21_0.csv,aggregate_results,5587,bb0e0f6e165584dab4f32477423fd3735b98b3a24a508bbb0d4277dc06a00273
0.1.0,outputs/results/external_sport_uncertainty_standardization_v0_24_0.csv,aggregate_results,34373,efb6c7408c2f5d0a9c668b446972934a310488235acb45189a0bae39aa7206e4
0.1.0,outputs/results/figure3_uncertainty_bootstrap_v0_18_0.csv,aggregate_results,4909,1b8fade08c0b11be9dddd1e7faee32a5218d75081b5fb0aebc1258886cf9ab30
0.1.0,outputs/results/gru_user_generalization_metrics_v0_9_0.csv,aggregate_results,3684,933aa0560a0eb1f9a2488149a307bb608d1efccecc42f0e4f4f25c6e66db5ac0
0.1.0,outputs/results/history_availability_v0_19_0.csv,aggregate_results,645,6cd8643f77d72ef15c076d215f0a20e3fe128ce168338586781a267b025e67aa
0.1.0,outputs/results/horizon_specific_eligibility_v0_29_0.csv,aggregate_results,3568,0f2e4ef8a9370c5b8588568509308f4cf8b09642b7e23269dba87926589e2964
0.1.0,outputs/results/horizon_specific_frozen_model_per_seed_v0_30_0.csv,aggregate_results,13749,d890301e35facbbf83febef4ce1060313a89f967b3e31b7af53dc484a66edf02
0.1.0,outputs/results/horizon_specific_frozen_model_summary_v0_30_0.csv,aggregate_results,3686,c642bfce99b0b1dc7477145bd5b4cd26bfde0b95cd109d65870e2801f5096203
0.1.0,outputs/results/matched_sport_availability_v0_27_0.csv,aggregate_results,4639,66e5a82744fe9dec2705fc83288e8e4c7a3a1efcf43bb9e6b3df7baf9e2b4474
0.1.0,outputs/results/multiseed_balanced_calibration_difference_summary_v0_24_0.csv,aggregate_results,7316,c0fcd1e369b6eda83a60f4b25dcdb915d709a9deb0aebb997e8755d115d9d669
0.1.0,outputs/results/multiseed_balanced_calibration_differences_v0_24_0.csv,aggregate_results,56030,f2be2ecee65086477d0a52f70734678f0f931205d15b0dddeab9937162095b27
0.1.0,outputs/results/multiseed_balanced_calibration_per_seed_v0_24_0.csv,aggregate_results,74827,99e99f7c153de6b4cf11c289d4558580ecd742b258d5d8532b2862acd008d89f
0.1.0,outputs/results/multiseed_balanced_calibration_summary_v0_24_0.csv,aggregate_results,15865,c962207f115a3b74c19c9dd15efa65468cff55cde70aa22a5c873c780edb93e5
0.1.0,outputs/results/multiseed_paired_model_comparisons_v0_25_0.csv,aggregate_results,9178,92f0c2242251ecb8e95d0907894dbf51c7e3e8d2af52ededc7d6cbe16b0c64cd
0.1.0,outputs/results/multiseed_paired_sport_shift_v0_25_0.csv,aggregate_results,16545,17ae5b1484ae731b0c7803bd84635cb72f00a404daaa625cf6bcc6149921027f
0.1.0,outputs/results/naive_baseline_metrics_v0_5_0.csv,aggregate_results,26909,f7dd7bb128667c9d4dbaee7f29a8985d4532f87a1939e46c04d0bf7525a92865
0.1.0,outputs/results/paired_model_comparisons_v0_11_0.csv,aggregate_results,3419,9b072fd1426084214d51f5b26ab76ccdfe8f66ff70c2df7154aa383e09d919f8
0.1.0,outputs/results/persistence_conformal_baseline_v0_26_0.csv,aggregate_results,2870,17620ac6c04f8254d7fec4e12024a163f4b2b4e67dfd88764117d87ab5d719f7
0.1.0,outputs/results/probabilistic_metrics_v0_11_0.csv,aggregate_results,7693,5f64cc44a6785b837b4bcbdf01e6ff649fe9e087fd4a90e4f59d5bfea5dcc449
0.1.0,outputs/results/recorded_gender_differences_v0_16_0.csv,aggregate_results,2858,56fcc569cb68de05d8051caaa0bfc45bddaf896b9ac339b45bd4c0b2fb2a11b7
0.1.0,outputs/results/signal_ablation_paired_v0_14_0.csv,aggregate_results,3282,6928cf4849d1b5c6b78bf5db49e693ac5148a50a6e11306c483808153088124d
0.1.0,outputs/results/source_shift_characterization_v0_21_0.csv,aggregate_results,6480,d392084cbb5cdf7d27ff3fc8846e0f25f252bd6c80dbca40ce5573261dc1bb4d
0.1.0,outputs/results/source_shift_session_distributions_v0_21_0.csv,aggregate_results,4437,f89ff14b864b9b3115d766bcf101d5bd24725397f489ad7ae552bf4d14fd2e2b
0.1.0,outputs/results/source_shift_sport_composition_v0_21_0.csv,aggregate_results,2988,0a90f9245802677802d669c9e82617c6229710dd6fafd2ee247be6bc0468e555
0.1.0,outputs/results/sport_shift_aligned_baselines_v0_12_0.csv,aggregate_results,13186,c9d794635e4bff193c466e39bf32baa8aa7087123d47634b0d78e71fd0d14f5f
0.1.0,outputs/results/sport_shift_interval_v0_12_0.csv,aggregate_results,52641,3dea4ce1c7db8ae5f30fbd021e08f9ddde47a831e84c08d4f59dff8092c90352
0.1.0,outputs/results/sport_shift_mae_bootstrap_v0_19_0.csv,aggregate_results,7294,61084bc1ac0c54e299110afa7e63cc64927dd1774d88ec3d138b4120a8eca742
0.1.0,outputs/results/sport_shift_point_v0_12_0.csv,aggregate_results,8881,34ab9ecf107f778383155fdad0ac3ddf3564277c05a840f1f9a5ea1065e1d1b6
0.1.0,outputs/results/sport_shift_uncertainty_bootstrap_v0_17_0.csv,aggregate_results,22719,f785da2b9a4c17ae4f1d97b25c25f3bd656ca7e6202bd5df306ddb16c0459785
0.1.0,outputs/results/tcn_user_generalization_metrics_v0_9_0.csv,aggregate_results,3682,751650cf2e0a3353b4cebba5e886beefc6a7a2c0ab24438601ed1c7bc2821eb6
0.1.0,outputs/results/temporal_aligned_baselines_v0_13_0.csv,aggregate_results,1207,9325d82293f451b514e34d131b86d91640fe15d47bb61767ebe4ecc11feed2cc
0.1.0,outputs/results/temporal_paired_comparisons_v0_13_0.csv,aggregate_results,3324,6d94a1aa9bff1073bb9472cc45733c1dd8039dc971ffc8ded7b62a833705f924
0.1.0,outputs/results/temporal_probabilistic_metrics_v0_13_0.csv,aggregate_results,2075,fec56286638f3d463f686f04f19ee7d2d2efc35f8b033b09a705dab376a127b6
0.1.0,outputs/results/temporal_uncertainty_interval_v0_13_0.csv,aggregate_results,5454,d9ad2d955baaf44cb38e95ee97deb8bcf669f7265de2f62ec386f45ad9c5341a
0.1.0,outputs/results/temporal_uncertainty_point_v0_13_0.csv,aggregate_results,843,ec54ec7dfa0b6db73aacac2bb278f4773b078ed9a88088aac5b31cf9559def6b
0.1.0,outputs/results/transformer_user_generalization_metrics_v0_9_0.csv,aggregate_results,3832,0eb73784df13300e182c9e9be62e295d282b858870df6693d4d8157e3c9bd77d
0.1.0,outputs/results/uncertainty_interval_metrics_v0_11_0.csv,aggregate_results,20767,35b023ed16c36f1d823355e6bf93056eaeae9bda2e19323c163a9312ac023371
0.1.0,outputs/results/uncertainty_point_metrics_v0_11_0.csv,aggregate_results,5130,d9d188b37f7651597bbc56d4b627ee09af2b27888acb62c4a1bf29bc696a08c5
0.1.0,outputs/results/xgboost_user_generalization_metrics_v0_8_0.csv,aggregate_results,3763,f40e5f1b94af7fec46d2554f2d0d579a27f43ebcf9f31ffc3be09867f814798f
0.1.0,protocol/BSPC_LIVE_REQUIREMENTS_AUDIT_2026-07-22.md,protocol,23592,57208870a2f0ec2dc66c8e9e64f59178eb1aa32a04e5a8af898460eca238c872
0.1.0,protocol/BSPC_REQUIREMENTS_RECHECK_2026-07-22.md,protocol,28258,6af086217133c9cc9b827553ca190915ba332f62ff8d22c50ff5ad18bd87f09a
0.1.0,protocol/BSPC_SUBMISSION_FILE_INDEX.md,protocol,4037,837ae26cf012d629a40184e722e4432e4ba6e8ee7b92450561fbc0f5e09961ef
0.1.0,protocol/BSPC_SUBMISSION_PROFILE.md,protocol,7349,277ca74aa15dbad63b36f109348a49ae3c94df86c05c58125c85f1f76944f709
0.1.0,protocol/BSPC_SUBMISSION_READINESS_CHECKLIST.md,protocol,9198,5e9b3f9b4cabbadc4f099d1dc6fa035e696b8ff7aa8a4bcec2bf8a51bfd3cb25
0.1.0,protocol/CROSS_SOURCE_DUPLICATE_AUDIT_METHOD_v0_20_0.md,protocol,4653,42f4c4e53c66b819aed0d0b2d34738fb910f8591eaaaa1a6a8cf0e8a68f95eeb
0.1.0,protocol/DATA_FEASIBILITY_DECISION.md,protocol,6817,358c5c784ea9887239988da0ded48095b2ab3392517b88c5fe06acf82ae438ae
0.1.0,protocol/DELIBERATELY_LEAKY_NEGATIVE_CONTROL_SPECIFICATION_v0_28_0.md,protocol,3032,bd9570a108b545283ecf8ebc06c535410d765587378e5c9e0c8d44fc9a94e550
0.1.0,protocol/FINAL_ANALYSIS_SPECIFICATION.md,protocol,10345,b21409aab60bd55819c8d16cd33caf222b4a48564f2b61f45b46f4ea7108d2e3
0.1.0,protocol/FORECAST_ORIGIN_SPECIFICATION.md,protocol,3774,5cd88175ceca8a7a37546b6ee9de2e21c20abfb1bde94cbe128cc365eee860ae
0.1.0,protocol/INDEPENDENT_ZERO_HISTORY_ABLATION_SPECIFICATION.md,protocol,3683,5c722f1764605bba910148401b33ad0d95374663c11c1b8bb7e28e4703c7b410
0.1.0,protocol/LEAKAGE_CONTROL_CONTRACT.md,protocol,4187,62a1003475fd90eb9ee1909a8f8bd7fec5452a224647bc4446a07eb6ded4788e
0.1.0,protocol/NAIVE_BASELINE_SPECIFICATION.md,protocol,3483,e7db6bcc6b996fe8fc8147ca7e1be9b9e85552cf8da20a40255b16f2705618df
0.1.0,protocol/PMEA_SUBMISSION_PROFILE.md,protocol,7393,4bc08a48033af7fa4e75aafdea7ec83194932d047fc18535184848404578c92a
0.1.0,protocol/PMEA_SUBMISSION_READINESS_CHECKLIST.md,protocol,4647,964ce05ca1d51e8ae9a37fccd4adb8105830b41c34e73230a3a07794aa53bb5c
0.1.0,protocol/PROTOCOL_DEVIATIONS.md,protocol,3156,1286fd0fcd0a21cc81323d60ca5c14166a55c5df0b4082905325dfb7d392fd97
0.1.0,protocol/RESULT_ARTIFACT_AUTHORITY.md,protocol,9927,e42018df2939bbe0ded59064f7f0f4487465fc7d2c6acdc304cd068542d19821
0.1.0,protocol/SOURCE_SHIFT_CHARACTERIZATION_V0_21_0.md,protocol,3790,80ebe292b43d7f3800db074d77434d61804b38be24aaf718238b94bbdc3b0738
0.1.0,protocol/SPLIT_MANIFEST_REPORT.md,protocol,4631,417e68b5331355df9c691a023bd71580d84de43a89f46148c6fb14b278afac4a
0.1.0,protocol/SPORT_ONTOLOGY_ADJUDICATION.md,protocol,6790,18da5f65aeda7007d8e835b60422e6e146b9d18b401b883c739808b3aa8f8781
0.1.0,protocol/STUDY_PROTOCOL.md,protocol,12409,bbe79707b1e8601957f2e93901f244e4b0be94ea7f5a3f0783dc823c813700fe
0.1.0,protocol/TERMINOLOGY_LEDGER.md,protocol,4375,9ec8fb88a609f76fad71fc9eaf68c4abf0be924c284b7f27932dced5584b0e95
0.1.0,protocol/USER_EXTERNAL_MODEL_SPECIFICATION.md,protocol,6086,f3966da61e258473e18c91aed6e63dca06a308fc89210916faae6b860968e569
0.1.0,references/LITERATURE_SEARCH_REPORT.md,references,10523,d0c177fdf0bf20e0bb84914559fc7b717899838a434e8b19d2430a6ff220cae4
0.1.0,references/PRIOR_WORK_COMPARISON.md,references,29049,c99d690536a7bf6a3dc440cfc2caeb6c1e8324dbf55ce1ae303101db5a25feee
0.1.0,references/TARGETED_LITERATURE_UPDATE_2026-07-23.md,references,5015,2db52a8161e32dd022a55ea9c491f687de02b160b00158b2023b0c9c5e958e25
0.1.0,references/goldencheetah_opendata.bib,references,250,008e1aaecbe895847b53c44a107530213c9b1ec238142f0707bea1793b495454
0.1.0,references/references.bib,references,14659,b7befafb22d60522dc3704300b72cb2a0d1ed91d0d58becea35166c18f198273
0.1.0,requirements-lock.txt,release_metadata,295,c9f37daf354c0503f25d656ef1f577aa57e00b80c80cb4281fb29a20fd27cb38
0.1.0,src/aggregate_deliberately_leaky_negative_control_v0_28_0.py,analysis_code,27501,fe4d7cf7867e996a8bf0fce6464311dae5bdfd5176456d7cc86765f15c342987
0.1.0,src/aggregate_independent_zero_history.py,analysis_code,53418,9c395ee41741c5b3128be5d8884f72586e50d3133e9271102950201ed42d2450
0.1.0,src/aggregate_q1_multiseed_results.py,analysis_code,52294,7853b5d452cf1e9a6491a8ffc23ced43e411000054bd1db9d6bfda21e32a0bd1
0.1.0,src/audit_cross_source_signal_duplicates.py,analysis_code,51514,13899e82d3f9f0d74828f355ebb12b0b0dc2f55d4235434beaa341cf9bddce08
0.1.0,src/audit_exact_duplicates.py,analysis_code,6673,39535705b5797f9067d336ef86d24096d028fac618045db3e0374411e0c3b3d1
0.1.0,src/audit_raw_source_integrity.py,analysis_code,14241,4e8a98751d7b1aa09ccba78964c1a57e5ec032ed7703f5dc2ef34e734ce3bd4f
0.1.0,src/bootstrap_external_sport_uncertainty.py,analysis_code,27673,bc5c9d48591f3e9abc76fc5c1fd001eae7f342c6973bc33dfea87a581769e5e1
0.1.0,src/bootstrap_figure3_uncertainty.py,analysis_code,32243,9f0997dd60e8512614008c3610d2c28f2d3ebb0d0b948b031b7c85d098f7ff43
0.1.0,src/bootstrap_model_comparisons.py,analysis_code,7352,ced787e8c29ff6fcf504a7d474eae80a394891df553ae591e21c8cd6bd06412e
0.1.0,src/bootstrap_signal_ablation.py,analysis_code,5291,93080fdff1a8ead76a3021499a0f35f08863a971b6c04d22fa759eee6e736b74
0.1.0,src/bootstrap_sport_shift_mae.py,analysis_code,15675,85bf908c0516e01efecf8fa45d20071a9c8a58063df6fbabd11b545f9d7707d1
0.1.0,src/bootstrap_sport_shift_uncertainty.py,analysis_code,24169,b803312a93e6ada11515dde68e3e5fdd0509e6e68a1883974903873e09202b88
0.1.0,src/bootstrap_temporal_comparisons.py,analysis_code,4566,ddb01c67a8fc97558d7fd0bfefd13de724b98eda3323620a469186b5afee7352
0.1.0,src/build_bspc_docx.py,analysis_code,16298,dbae78b1f78ab433b926481143c9843201430e6c57c0a9353e16c31b1b806143
0.1.0,src/build_causal_history.py,analysis_code,10065,2b807e54dace8c90f27041d294acc21a7736f18eaca83b3e26d5e99b39fa61af
0.1.0,src/build_deliberately_leaky_temporal_partition_v0_28_0.py,analysis_code,18971,027d92e5e12d18af11419c08cf63a7a36308fdfc70c848897a6c60f7276a3922
0.1.0,src/build_figure_captions_docx.py,analysis_code,3912,b0d568b21fe0ae460bffc784fb09a68c7a91802e2309cfac940eb4c302ae6357
0.1.0,src/build_forecast_origins.py,analysis_code,26885,bb31de911e0d45ebef09abbf3f923b81ddc7b0bccaadb9a815df21ba22b1c08a
0.1.0,src/build_golden_manifest_fast.py,analysis_code,12483,fed4f2990f793bd4c8bc153b0f8d9143a4a5c5fff3f55753979b07b28eb42c91
0.1.0,src/build_highlights_docx.py,analysis_code,2004,54fc22dedc85dbbd607a92133e8648b15312b052f3ff45c71742beba702db351
0.1.0,src/build_horizon_specific_expanded_arrays_v0_30_0.py,analysis_code,13625,deaf816c73ff88f677d5e29170954cc2fda3564f144430bbf4772ced93c8ed84
0.1.0,src/build_model_arrays.py,analysis_code,13841,3e63932cb0127af218d32b1edc9c79ce624c10ab4959d7e4dbcdb0cb53a3ec4c
0.1.0,src/build_pmea_docx.py,analysis_code,18065,5bef2ac81483ecb5126eec88855d188dbe1a4a322413bb014882077d42d8cd7f
0.1.0,src/build_pmea_supplementary_docx.py,analysis_code,10062,2441160c11d63f9ae5a6a57df9ab80bca7a9aeaac86f9737875d7516c18ae368
0.1.0,src/build_public_repository_package.py,analysis_code,5778,90329d67a34b794d6baa3077a9d6d76c595b8321d5d0959acb3b0c089c303f61
0.1.0,src/build_session_manifests.py,analysis_code,15496,04266d4e7bec7ecffd5674c2464e26ec58eff27f5483d90c8bc8fb00c175cf0c
0.1.0,src/build_session_series.py,analysis_code,22402,d9a2aa2858ee3c65da06501d95802c9a1c350d4090827d4b24ff472e5c2f0df5
0.1.0,src/build_split_manifests.py,analysis_code,12731,c89e5c37d3b98e0a330873b8f74fc0bca1cf8e720b62a5a1bf4bf63adc3c6b87
0.1.0,src/build_sport_ontology.py,analysis_code,8949,88544e5cbf67f4bc9c8040b75f156e915f8d2b9d062dff2d7d293c08af1f0aa3
0.1.0,src/build_strict_temporal_partition.py,analysis_code,6196,398da179dd62994d7e0cefe9746bdeebc5c44965ca6e62f66508042e4f206118
0.1.0,src/build_supplementary_docx.py,analysis_code,9125,6f2f90ebfb1840b675e06631f0ae99a36b9e23ba8392d1ca69dad325dfa93852
0.1.0,src/build_supplementary_material.py,analysis_code,101053,e655307e9b60bd642facffd88e344d1919df981de17c77c05193448cee5005c1
0.1.0,src/build_tabular_features.py,analysis_code,5907,a5f776d36494b7df9cb4323be5749a690505668e2f5b093bdd5b97f7982d1730
0.1.0,src/characterize_source_shift.py,analysis_code,41647,7ccaebd09219804fc880dcdcc940a3379da426c5589fbf4fbec670ead5162e7a
0.1.0,src/data_audit.py,analysis_code,17337,667122da39a18c8f5953881488e774a12d0706dbe224fd3f77004f7da09c8966
0.1.0,src/docx_table_geometry.py,analysis_code,5519,e060ad9eaed401d1873ad34dae88f5679e92a27f1c206b5819c2fa7902cb983a
0.1.0,src/evaluate_aligned_sport_shift_baselines.py,analysis_code,7969,36c925084b003303df72232c3d05d13caef20cf70268f87d57fa6620b87985ae
0.1.0,src/evaluate_clustered_calibration_sensitivity.py,analysis_code,27574,2711b5f96155a33ecc7e1554211827a1b2821fe2f7e9a659f21aaa4dcb51d0c5
0.1.0,src/evaluate_dense_origin_sensitivity.py,analysis_code,6851,b742b3d37f54f359652f2d63a538ed7ca8edc794933a6edda64ea6e77d6ab499
0.1.0,src/evaluate_horizon_specific_eligibility_v0_29_0.py,analysis_code,20834,deb7dd7139758b31f87ccacd61a9ec529ebe2b68cc8624a475afabe2c39d6b7f
0.1.0,src/evaluate_horizon_specific_frozen_models_v0_30_0.py,analysis_code,27386,b57dd23325192df31c3b597266f8a92a386071689e8990a56ae0ff733d8646b6
0.1.0,src/evaluate_matched_sport_availability_v0_27_0.py,analysis_code,12778,22db0b17cca2b21645b95d6e0ce40555f2ea385b64c6c427ea68b02c1d423806
0.1.0,src/evaluate_multiseed_balanced_calibration.py,analysis_code,49256,c22c5b5c5ab54b28111ed59de56bb996b4d8d7cf167cf2b4a2e2fd57ca9219ea
0.1.0,src/evaluate_multiseed_paired_user_bootstrap_v0_25_0.py,analysis_code,32876,f9245ce6f460bb5d396789b169302b5cd40440b36bbe0f7cae2246e37197c12f
0.1.0,src/evaluate_persistence_conformal_baseline.py,analysis_code,12451,70d08813041174cd3c6d1906bb4f98b7bff7fde0c7bdf549cb758d4e209f4505
0.1.0,src/evaluate_probabilistic_metrics.py,analysis_code,9160,0ed013322656864d28833c373daf06f639067b3e8cdd7eabfc0a1e0ad3425987
0.1.0,src/evaluate_recorded_gender_subgroups.py,analysis_code,9146,e9c3a5f6d44328eab5192a1bd32a848cb5e0eec1e0e908ac8ef4314646ae6ab8
0.1.0,src/evaluate_temporal_probabilistic_metrics.py,analysis_code,4928,bd7756801d7e4a2772ad2a919c8763150b7453bdadb509bd4131ac0da76d21c2
0.1.0,src/execute_notebook.py,analysis_code,2380,9e3c91f8deefe989015ae973cefdafa3c92cb8b8e2454a72dc4ab3ce003abe23
0.1.0,src/generate_public_release_integrity.py,analysis_code,23388,8db39bab391f457e6d3c52361ad5aaba24b247df680700905897df06068a1df7
0.1.0,src/infer_frozen_external_uncertainty.py,analysis_code,12102,1ca4ba1ca3c934d468851dfbcc89c71a487d1da2dc22a87d9167917f3d32e546
0.1.0,src/link_goldencheetah_sessions.py,analysis_code,7750,7cc4dda7092089254fe37076ee22cb19045f0c94cb545ea187204b4f2eb65e4d
0.1.0,src/make_publication_figures.py,analysis_code,58655,01ada31ab4bce9d3b099ff5bd762abcb949f3d675b3b7106b09280bcb7639232
0.1.0,src/remap_sport_families.py,analysis_code,2476,b6c5fe5be77790bd0038e5d0573293f5cc494bb07655c47dcb99d2d593ed7201
0.1.0,src/resolve_duplicate_groups.py,analysis_code,5057,ba2145099e96a2856ed19b7593bd758edcb9acd4d3bcfd82928f52c21936e2df
0.1.0,src/run_deliberately_leaky_negative_control_queue_v0_28_0.py,analysis_code,18261,83c169aedc09ab466376c8763c92b248ea2ae78b2f753c4146d37bb16b350fd4
0.1.0,src/run_independent_zero_history_queue.py,analysis_code,38160,ceaef528445e2047387d29549cda71ba4a7873a64abc4417b68d9d1597fa9561
0.1.0,src/run_naive_baselines.py,analysis_code,25101,c1598b1bc1b3a9261caf3e3933bfc68a4800a8206b7f84b014fd9b5a60ab0716
0.1.0,src/run_q1_multiseed_queue.py,analysis_code,33023,be21f3a117fa76b609a216b6b10f4517da844cbce93538a6bd79feee6d3e29d0
0.1.0,src/run_strict_temporal_learned_baselines.py,analysis_code,5192,0f321f97adca3002a07877eec8b2f0c61c8688ee5369d837f9a3c7f9eee958e4
0.1.0,src/standardize_external_sport_composition.py,analysis_code,29462,9e97bc150f6915f5e714063eba05a57fcfc9098f5e1f09eb489a17ecbbc59adc
0.1.0,src/standardize_external_sport_uncertainty.py,analysis_code,39829,cbb98075aa8452bf9346a84e9dfce852bdb1f505fbdd865b2e938aaba812b50d
0.1.0,src/summarize_history_availability.py,analysis_code,5826,e7800ba1db39e55402a6b97118f9377f95efbf42c79059d997884c0f5431d0d6
0.1.0,src/train_deliberately_leaky_temporal_negative_control_v0_28_0.py,analysis_code,25516,bc6c081dc7dfc2565a8b52c5df4316ea5c2b9e6280bf1fc0d77509ef2e62e4f2
0.1.0,src/train_neural_baselines.py,analysis_code,21272,5d8178bd08d08795d6ed642bf81a907397bc32a8969809c301bb6a21a80b3512
0.1.0,src/train_sport_shift_model.py,analysis_code,17960,a20aa5436a46402a2245923f4c2ad11625366eaed17cc9072324ed5c635c249d
0.1.0,src/train_strict_temporal_learned_baseline.py,analysis_code,35481,23240e0b0e7de367b378a28ec24778d21af3ee3aebf1089d9dbe166387d290ad
0.1.0,src/train_temporal_neural_baselines.py,analysis_code,2104,143e703b81557d7e2b984bb277387cf4fc2bc7a7a7a550131111be770c05f203
0.1.0,src/train_temporal_uncertainty_model.py,analysis_code,22677,3c9beaf6bad029584d1845ad9ce18e5d4b4077ac16ffdf792757a3e8fe640731
0.1.0,src/train_uncertainty_model.py,analysis_code,33423,9fe8a4c6a7be2ed2cc519875e717634ca508109257769e46f637c627d228736a
0.1.0,src/train_xgboost_baseline.py,analysis_code,12638,48cc4b05f25bba2f38631502a19cddb9d8c1ada323a3f77869d19c4c549324cb
0.1.0,src/validate_docx_submission_structure.py,analysis_code,19228,17e7572cceb591183bed23a5cc097b5b610d5f6e3e1c05d5c73000af28030a01
0.1.0,src/validate_manuscript_package.py,analysis_code,23705,eeb052f7438744de04aedf15d108b72e8bb16b48dbce30abb35c68d387889957
0.1.0,src/validate_pmea_submission.py,analysis_code,11470,713b193c854f423d4c1271a71aecfbeedfd6ccaa2ea0967ee970b055f2ca4cba
0.1.0,src/validate_reported_numbers.py,analysis_code,38418,44841d8550f343b205f381c0217410a48e5bfb0ef91ac480108f2b9b7d506aaf
0.1.0,src/validate_sport_shift_results.py,analysis_code,15263,758ee23e7534bbe5715c5bb73cbd90b86836cc33aa0f6c09c85bb8e79b1a976b
0.1.0,src/validate_temporal_results.py,analysis_code,10619,f17571144f8f4f7fe0e3d96d9c78aeff5561ebab2c847d0c79b217b59e6e3d06
0.1.0,src/write_external_freeze_record.py,analysis_code,5869,61c36c3c950e80128f5a68d86df027d62d5514453472225002456e34daba0faf
0.1.0,tests/test_bspc_caption_separation.py,tests,1186,3934d462ffcacfcb992f06644dad365a4615de1a1094b22f4468434920f584f5
0.1.0,tests/test_bspc_reference_formatting.py,tests,1869,3c5b526d68fd2284901ecdb49710d33de12189e7aa2dc83d084f08fcd2f02aca
0.1.0,tests/test_causal_history.py,tests,3824,090466cc38d4924eedbf4ad0ce628f5a792e6b292c8af1f705fd93542acb2fa3
0.1.0,tests/test_clustered_calibration_sensitivity.py,tests,2065,280892c34c35f941712385f0a1a62e80108dff1cd91b5fab28dde65fed290f38
0.1.0,tests/test_cross_source_signal_duplicates.py,tests,4793,7933c7ca2c8393e167b12769fe5817a853624899e76533c08ee9065c146d8e6a
0.1.0,tests/test_deliberately_leaky_negative_control_v0_28_0.py,tests,18436,ea85ff4ee3f0fe797c3427cd410eedb9d6cb9fddeeec1f12d7d57870a88480e2
0.1.0,tests/test_docx_submission_structure.py,tests,7768,07111e433e16a96ee7c090dc2510230964ff114d1efa7acbace2b6ce4326585c
0.1.0,tests/test_docx_table_geometry.py,tests,2374,64dc9215fe3f948b69f3d62c359fbe8066099c933046fa747e8ea98ad373e23d
0.1.0,tests/test_external_sport_standardization.py,tests,2561,b914fe0adf715c55793aaba902e0afe2937e62c7d202c9e9be690a38fc589e27
0.1.0,tests/test_external_sport_uncertainty.py,tests,2563,816df7f518c6c54a3a3e628aba6f14d8b31cf4260f6be5494b39724f0f4468f5
0.1.0,tests/test_external_sport_uncertainty_standardization.py,tests,6394,6deef8236c05f5fc91ec6f702d554117d116f3ba1ab4295badd320b2e17940ce
0.1.0,tests/test_figure_captions_docx.py,tests,1532,5999cdd9a5974822b7417d7b63c9dc3f1689e6b0440204f5a3a1ded25050b551
0.1.0,tests/test_forecast_origins.py,tests,3888,f8c3989902c312b0f15518d08d75ed90508d7d71e2e148c1cd52b648af01e7e3
0.1.0,tests/test_frozen_external_inference.py,tests,3163,28476a3003cc5475f4deaf35ed14786872186c262db9295ab91e1f3fae29994f
0.1.0,tests/test_history_availability_summary.py,tests,1539,34adbffcee442561dc1d120679764aec9bb15f59c6386be3baefd40ddddda53f
0.1.0,tests/test_horizon_specific_eligibility_v0_29_0.py,tests,2040,15e3527cb8a0e8291a586e1ac5497a3f1992c74ed8c90cf63c2aa3c8a3c33d8d
0.1.0,tests/test_horizon_specific_expanded_arrays_v0_30_0.py,tests,2056,f006db76613cdebd1fa4461ddf3baa4d1dd6f8de9f38623c9408ca5416f7f9d7
0.1.0,tests/test_horizon_specific_frozen_models_v0_30_0.py,tests,1854,ca5fe3a73c2cd373352d3470a0733861527136490f67c9bb6ed12b9d271ee4c4
0.1.0,tests/test_independent_zero_history_aggregation.py,tests,4269,d50225a2f9c92e6df70eb2f17f2b54cc43796733666a7a9eb0468cf3992c86e6
0.1.0,tests/test_independent_zero_history_queue.py,tests,4056,fc774d78eebe71eb1dda5808d6fb2f4ee3aed05fe9cbe051c9ac2d0a8d313167
0.1.0,tests/test_matched_sport_availability_v0_27_0.py,tests,1923,1ed44b4612a3844abff561a2b5737e1921eb220bc8406e847143245ab7f79287
0.1.0,tests/test_model_arrays.py,tests,787,6c663c058255222ce7293ca8d4091ee3949496c21120949df581fe38ce14d510
0.1.0,tests/test_multiseed_balanced_calibration.py,tests,4248,00362a49e8d6970cd4955680c951d49a580c83ead038d1ab1633351f3897137e
0.1.0,tests/test_multiseed_paired_user_bootstrap_v0_25_0.py,tests,10357,a0ca2e1c5ca62633fb0cc0c5b6546bf222e8ac934349f1bfc054fc7b0a439c55
0.1.0,tests/test_naive_baselines.py,tests,3203,1840ab812fab7a5d6d85db2aecd6ad498fb1cefa5b55620bdb0f914fd48a7f72
0.1.0,tests/test_neural_baselines.py,tests,1914,2300e4616e266bea44916fd2fdcca90cd88969e79579756452be681a25d609b1
0.1.0,tests/test_persistence_conformal_baseline.py,tests,1917,c16532dfaaedaa032c236585630b94f944383140a6e2e30495d7f9df4ffdfff6
0.1.0,tests/test_pmea_submission_adaptation.py,tests,3694,7603ad65eef74b9d5c55a3e13282296f9d8baa3c3e2b2a9ad1e6bbf886bf2880
0.1.0,tests/test_probabilistic_evaluation.py,tests,697,4dacd870a3a3b7a1015d6149debe07637141f7ca36619cc5fd1bb04ac300dc37
0.1.0,tests/test_public_release_integrity.py,tests,8248,3c2b19db7e2a6dc80666aec582cf72c9f49e69db50abe32328fb1ef188c40488
0.1.0,tests/test_public_repository_package.py,tests,2833,61af6c7e925ee4df6e01b1865450a5be465ef5e263ff643988bc1414a1ebaaec
0.1.0,tests/test_q1_multiseed_aggregation.py,tests,12908,b3e349b3e8e6cb13841f2ecc34affb07f227cb196326bc96e6c05bdad625a74d
0.1.0,tests/test_q1_multiseed_queue.py,tests,9844,c2463ca8c9d425e0fd8b6d6d6b8632dfd954cbd8a666feba75c1136a0667dd9a
0.1.0,tests/test_raw_source_integrity.py,tests,4560,53379579abf1f7833804bb5db2547953ad821fb3ff7bf7399e517f2e5707139f
0.1.0,tests/test_session_series.py,tests,2165,c69da1078d45ff9e653ecbfd448671abff214ecc8acc7b9b47ca99d340940282
0.1.0,tests/test_source_shift_characterization.py,tests,2058,cb8ee0e95e94529def7ed2e4af3f72786d0f147f7885012da44e97101a242436
0.1.0,tests/test_sport_ontology_lock.py,tests,2926,cd02a0d0ce109216cd8b9da9423c00b241acc2cf133243683e94d32b3e547874
0.1.0,tests/test_strict_temporal_learned_baseline.py,tests,4859,7f879563ac0cb4be79eb702889d0d2f2d1ecc4dcf9c8ab4b3cff1ba6e9842c72
0.1.0,tests/test_strict_temporal_partition.py,tests,1905,5775531f35ddfa56934c41a677014c24bed5ddf37548ea27b23fae48b918b7de
0.1.0,tests/test_tabular_features.py,tests,1337,7fd1d29f666809a8312bff79f0e63e099393739e435b19fa393280238925c333
0.1.0,tests/test_uncertainty_model.py,tests,3423,4f99811abcb1c98aa40f526b9ef95dc92263e19a2d12550a936e678b4c69e2b9
0.1.0,tests/test_xgboost_baseline.py,tests,1277,0cd274f8557dcd82d182577e5c85810ef7c7f597d968d0ff9c7231e4e33cdbae
